None,https://seller.flipkart.com/?utm_source=flipkart&utm_medium=website&utm_campaign=sellbutton,worked
None,http://www.flipkart.com//buy-gift-voucher,worked
None,http://www.flipkart.com//mobile-apps,worked
None,http://www.flipkart.com//s/contact,worked
None,http://www.flipkart.com//notifications,worked
None,https://www.flipkart.com/account/,worked
None,https://www.flipkart.com/account/login,worked
None,http://www.flipkart.com//viewcart,worked
None,http://www.flipkart.com//women,worked
None,http://www.flipkart.com//mobile-apps,worked
None,http://www.flipkart.com//sc/fb_login?__Fk=V240d76f48b165bbc0f1d2e70a4237e071s2e33Pz9xZXdAPwM%2FPz8%2FcD8tDaVO0wE0wn6LLTVE48MryKwpTmNsqcZ6KB5sj60r50uOD4bq%2FQvy455yajA9lOlAcpSyaH%2FdubUe10CsxrgIHRE%3D&rd=%2Fhome%3F,worked
None,http://www.flipkart.com//sc/google_login?__Fk=V240d76f48b165bbc0f1d2e70a4237e071s2e33Pz9xZXdAPwM%2FPz8%2FcD8tDaVO0wE0wn6LLTVE48MryKwpTmNsqcZ6KB5sj60r50uOD4bq%2FQvy455yajA9lOlAcpSyaH%2FdubUe10CsxrgIHRE%3D&rd=%2Fhome%3F,worked
None,http://www.flipkart.com//mobiles,worked
None,http://www.flipkart.com//fitness,worked
None,http://www.flipkart.com//tablets,worked
None,http://www.flipkart.com//home-furnishing/bath/bath-towels/pr?p%5B%5D=sort%3Dpopularity&sid=vdm%2Cv28%2Czs1,worked
None,http://www.flipkart.com//household/lights-lamps/bulbs/pr?p%5B%5D=facets.bulb_type%255B%255D%3DLED&sid=r4l%2Cpaf%2Cm99&filterNone=true,worked
None,http://www.flipkart.com//televisions,worked
None,http://www.flipkart.com//home-kitchen/home-appliances/washing-machines,worked
None,http://www.flipkart.com//computers/laptops,worked
No title,https://seller.flipkart.com/?utm_source=flipkart&utm_medium=website&utm_campaign=sellbutton,worked
No title,http://www.flipkart.com//buy-gift-voucher,worked
No title,http://www.flipkart.com//mobile-apps,worked
No title,http://www.flipkart.com//s/contact,worked
No title,http://www.flipkart.com//notifications,worked
No title,https://www.flipkart.com/account/,worked
No title,https://www.flipkart.com/account/login,worked
No title,http://www.flipkart.com//viewcart,worked
No title,http://www.flipkart.com//women,worked
No title,http://www.flipkart.com//mobile-apps,worked
No title,http://www.flipkart.com//sc/fb_login?__Fk=V2cb402bfe647aceeeac7c52d8e8c60e8cs2e34P3Y%2FPzo%2FFwldPz8%2FPzM%2FP5%2Bml8bYzdSQbfx1Afa5k3zYVM0SBVACaG4dBmAkmSsrixxIPT3szv2GSPmzyiq20p9eAqxOIJACxuoyR2W0dnM%3D&rd=%2Fhome%3F,worked
No title,http://www.flipkart.com//sc/google_login?__Fk=V2cb402bfe647aceeeac7c52d8e8c60e8cs2e34P3Y%2FPzo%2FFwldPz8%2FPzM%2FP5%2Bml8bYzdSQbfx1Afa5k3zYVM0SBVACaG4dBmAkmSsrixxIPT3szv2GSPmzyiq20p9eAqxOIJACxuoyR2W0dnM%3D&rd=%2Fhome%3F,worked
No title,http://www.flipkart.com//mobiles,worked
No title,http://www.flipkart.com//fitness,worked
No title,http://www.flipkart.com//tablets,worked
No title,http://www.flipkart.com//home-furnishing/bath/bath-towels/pr?p%5B%5D=sort%3Dpopularity&sid=vdm%2Cv28%2Czs1,worked
No title,http://www.flipkart.com//household/lights-lamps/bulbs/pr?p%5B%5D=facets.bulb_type%255B%255D%3DLED&sid=r4l%2Cpaf%2Cm99&filterNone=true,worked
No title,http://www.flipkart.com//televisions,worked
No title,http://www.flipkart.com//home-kitchen/home-appliances/washing-machines,worked
No title,http://www.flipkart.com//computers/laptops,worked
No title,http://www.flipkart.com//headphones,worked
No title,http://www.flipkart.com//home-kitchen/home-appliances/fans,worked
No title,http://www.flipkart.com//travel-store/trekking,worked
No title,http://www.flipkart.com//books,worked
No title,http://www.flipkart.com//automotive/car-accessories/car-audio-video/pr?sid=0hx%2Cf6q%2Chz1&filterNone=true,worked
No title,http://www.flipkart.com//automotive/bike-accessories/bike-care/two-wheeler-covers/pr?sid=0hx%2Ct7s%2Cwpd%2C193&offer=b%3Amp%3Ac%3A07056d5312.&icmpid=hp_ban_1_b%3Amp%3Ac%3A07056d5312.,worked
No title,"http://www.flipkart.com//home-entertainment/televisions/pr?offer=s:wsr:c:06b58c9531.&sid=ckf,czl&icmpid=hp_ban_2_s:wsr:c:06b58c9531.",worked
No title,"http://www.flipkart.com//books/fiction-non-fiction/literature-fiction/literary-collections/pr?sid=bks,fnf,gld,h4s",worked
No title,http://www.flipkart.com//womens-clothing/pr?sid=2oq%2Cc1r&offer=b%3Amp%3Ac%3A07d5c46f18.&icmpid=hp_ban_3_b%3Amp%3Ac%3A07d5c46f18.,worked
No title,http://www.flipkart.com//automotive/bike-accessories/bike-care/two-wheeler-covers/pr?sid=0hx%2Ct7s%2Cwpd%2C193&offer=b%3Amp%3Ac%3A07056d5312.&icmpid=hp_ban_1_b%3Amp%3Ac%3A07056d5312.,worked
No title,"http://www.flipkart.com//home-entertainment/televisions/pr?offer=s:wsr:c:06b58c9531.&sid=ckf,czl&icmpid=hp_ban_2_s:wsr:c:06b58c9531.",worked
No title,"http://www.flipkart.com//books/fiction-non-fiction/literature-fiction/literary-collections/pr?sid=bks,fnf,gld,h4s",worked
No title,http://www.flipkart.com//womens-clothing/pr?sid=2oq%2Cc1r&offer=b%3Amp%3Ac%3A07d5c46f18.&icmpid=hp_ban_3_b%3Amp%3Ac%3A07d5c46f18.,worked
No title,http://www.flipkart.com//promotion/pr?offer=DOTDOnGlobalite_Aug22.&sid=osp&icmpid=hp_dotd_1_DOTDOnGlobalite_Aug22,worked
No title,http://www.flipkart.com//promotion/pr?offer=DOTDOnSportsApparel_Aug22.&sid=2oq&icmpid=hp_dotd_2_DOTDOnSportsApparel_Aug22,worked
No title,"http://www.flipkart.com//promotion/pr?offer=s:n5yi6ndzh47njb92:c:0727120120.&sid=t06,fy9&icmpid=hp_dotd_3_s:n5yi6ndzh47njb92:c:0727120120",worked
No title,"http://www.flipkart.com//promotion/pr?offer=s:88cjeouxt4pkgh44:c:07b433da20.&sid=osp,cil&icmpid=hp_dotd_4_s:88cjeouxt4pkgh44:c:07b433da20",worked
No title,"http://www.flipkart.com//promotion/pr?offer=DOTDOnWomensApparel_Aug22.&sid=2oq,c1r&icmpid=hp_dotd_5_DOTDOnWomensApparel_Aug22",worked
No title,http://www.flipkart.com//promotion/pr?offer=DOTDOnAvMedia_Aug22.&sid=4kt&icmpid=hp_dotd_6_DOTDOnAvMedia_Aug22,worked
No title,http://www.flipkart.com//promotion/pr?offer=s:l1msse2eq3uppfho:c:076ea87a20.&sid=t06&icmpid=hp_dotd_7_s:l1msse2eq3uppfho:c:076ea87a20,worked
No title,http://www.flipkart.com//promotion/pr?offer=s:683c7082b1304521:c:0739033620.&sid=jek&icmpid=hp_dotd_8_s:683c7082b1304521:c:0739033620,worked
No title,"http://www.flipkart.com//promotion/pr?offer=s:er03cvxirvoc1aya:c:079b6e0120.&sid=tyy,4mr&icmpid=hp_dotd_9_s:er03cvxirvoc1aya:c:079b6e0120",worked
No title,http://www.flipkart.com//promotion/pr?offer=DOTDOnMensFootwear_Aug22.&sid=osp&icmpid=hp_dotd_10_DOTDOnMensFootwear_Aug22,worked
No title,"http://www.flipkart.com//promotion/pr?offer=s:q6qo43mo18c9hq6j:c:070ebbc720.&sid=osp,cil&icmpid=hp_dotd_11_s:q6qo43mo18c9hq6j:c:070ebbc720",worked
No title,"http://www.flipkart.com//promotion/pr?offer=s:1rl4ueqb7s234so3:c:07b745cf20.&sid=tyy,4mr&icmpid=hp_dotd_12_s:1rl4ueqb7s234so3:c:07b745cf20",worked
No title,"http://www.flipkart.com//promotion/pr?offer=s:rh7vwi3aaocpjetf:c:0775f43421.&sid=2oq,c1r&icmpid=hp_doth_1_s:rh7vwi3aaocpjetf:c:0775f43421",worked
No title,"http://www.flipkart.com//promotion/pr?offer=s:d44acf44aa464cb0:c:072ed27121.&sid=osp,mba&icmpid=hp_doth_2_s:d44acf44aa464cb0:c:072ed27121",worked
No title,http://www.flipkart.com//promotion/pr?offer=DOTHOnSports_Aug23_S1.&sid=osp&icmpid=hp_doth_3_DOTHOnSports_Aug23_S1,worked
No title,"http://www.flipkart.com//promotion/pr?offer=s:m4sb9kej8ig9xzmo:c:07f8122f21.&sid=t06,r3o&icmpid=hp_doth_4_s:m4sb9kej8ig9xzmo:c:07f8122f21",worked
No title,http://www.flipkart.com//mobiles/~intex-cloud-4g-star/pr?sid=tyy%2C4io,worked
No title,"http://www.flipkart.com//womens-clothing/pr?sid=2oq,c1r&offer=b%3Amp%3Ac%3A0757cd6618.",worked
No title,"http://www.flipkart.com//womens-clothing/pr?sid=2oq,c1r&offer=b%3Amp%3Ac%3A075dcbf218.",worked
No title,"http://www.flipkart.com//womens-clothing/pr?sid=2oq,c1r&offer=b%3Amp%3Ac%3A0767d31f18.",worked
No title,"http://www.flipkart.com//womens-clothing/pr?sid=2oq,c1r&offer=b%3Amp%3Ac%3A07402e0a19.",worked
No title,"http://www.flipkart.com//womens-clothing/pr?sid=2oq,c1r&offer=b%3Amp%3Ac%3A07fcc19f19.",worked
No title,"http://www.flipkart.com//womens-clothing/pr?sid=2oq,c1r&offer=b%3Amp%3Ac%3A0787b5f919.",worked
No title,"http://www.flipkart.com//womens-clothing/pr?sid=2oq,c1r&offer=b%3Amp%3Ac%3A0783002319.",worked
No title,"http://www.flipkart.com//womens-clothing/pr?sid=2oq,c1r&offer=b%3Amp%3Ac%3A0756189619.",worked
No title,"http://www.flipkart.com//womens-clothing/pr?sid=2oq,c1r&offer=b%3Amp%3Ac%3A0730434019.",worked
No title,http://www.flipkart.com//automotive/car-accessories/car-interior/car-air-fresheners/pr?sid=0hx%2Cf6q%2Cjgr%2C47f&offer=b%3Amp%3Ac%3A0748dd0913.,worked
No title,http://www.flipkart.com//automotive/bike-accessories/bike-care/two-wheeler-covers/pr?sid=0hx%2Ct7s%2Cwpd%2C193&offer=b%3Amp%3Ac%3A07056d5312.,worked
No title,http://www.flipkart.com//automotive/car-accessories/car-interior/car-chargers/pr?sid=0hx%2Cf6q%2Cjgr%2Cltd&offer=b%3Amp%3Ac%3A07ebd6d312.,worked
No title,http://www.flipkart.com//automotive/bike-accessories/biker-accessories/pr?sid=0hx%2Ct7s%2Cxmd&offer=b%3Amp%3Ac%3A0748e2f012.,worked
No title,http://www.flipkart.com//automotive/car-accessories/car-interior/car-pillows-cushions/pr?sid=0hx%2Cf6q%2Cjgr%2Cmkn&offer=b%3Amp%3Ac%3A07d7a73b13.,worked
No title,http://www.flipkart.com//automotive/car-accessories/car-interior/car-sun-shades/pr?p%5B%5D=facets.price_range%255B%255D%3DRs.%2B200%2B%2526%2BBelow&sid=0hx%2Cf6q%2Cjgr%2Cb7h&filterNone=true&q=sun+shade,worked
No title,http://www.flipkart.com//automotive/car-accessories/car-interior/car-chargers/pr?sid=0hx%2Cf6q%2Cjgr%2Cltd&offer=b%3Amp%3Ac%3A07ebd6d312.,worked
No title,http://www.flipkart.com//automotive/car-accessories/car-interior/car-mats/pr?sid=0hx%2Cf6q%2Cjgr%2C414&offer=b%3Amp%3Ac%3A07a6653a12.,worked
No title,"http://www.flipkart.com//home-kitchen/home-appliances/water-purifiers/pr?p[]=sort=popularity&sid=j9e,abm,i45",worked
No title,http://www.flipkart.com//televisions,worked
No title,http://www.flipkart.com//tablets,worked
No title,http://www.flipkart.com//home-kitchen/home-appliances/refrigerators,worked
No title,"http://www.flipkart.com//computers/laptops?sid=6bo,b5g&otracker=nmenu_sub_electronics_0_Laptops",worked
No title,http://www.flipkart.com//camera-accessories/selfie-sticks-monopods/pr?sid=jek%2C6l2%2Ckyl&otracker=ch_vn_camera_acc_filter_Camera%20Accessories_Selfie%20Sticks%20%26%20Monopods,worked
No title,"http://www.flipkart.com//laptop-accessories/pr?sid=6bo,ai3",worked
No title,http://www.flipkart.com//mobiles,worked
No title,"http://www.flipkart.com//mobile-accessories/pr?sid=tyy,4mr",worked
No title,http://www.flipkart.com//computers/computer-peripherals/printers-inks/printers?otracker=ch_vn_computerpe_filter_Computer%20Peripherals_Printers,worked
No title,http://www.flipkart.com//games,worked
No title,http://www.flipkart.com//computers/software,worked
No title,http://www.flipkart.com//home-kitchen/home-appliances/air-conditioners,worked
No title,"http://www.flipkart.com//computers/audio-players/home-audio/speakers/pr?sid=6bo,ord,rlj,8sb",worked
No title,http://www.flipkart.com//home-kitchen/home-appliances/fans,worked
No title,"http://www.flipkart.com//home-kitchen/kitchen-appliances/microwave-ovens/pelonis~brand/pr?sid=j9e,m38,o49",worked
No title,"http://www.flipkart.com//home-kitchen/home-appliances/air-conditioners/sansui~brand/pr?sid=j9e,abm,c54",worked
No title,"http://www.flipkart.com//landline-phones/pr?sid=tyy,n0e&offer=b%3Amp%3Ac%3A063e2c8123.",worked
No title,http://www.flipkart.com//mens-clothing,worked
No title,http://www.flipkart.com//mens-footwear,worked
No title,http://www.flipkart.com//watches/men,worked
No title,http://www.flipkart.com//lifestyle/bags-wallets-belts/men,worked
No title,http://www.flipkart.com//sunglasses/men,worked
No title,http://www.flipkart.com//health-and-beauty,worked
No title,http://www.flipkart.com//women,worked
No title,http://www.flipkart.com//womens-clothing,worked
No title,http://www.flipkart.com//womens-footwear,worked
No title,http://www.flipkart.com//watches/women,worked
No title,http://www.flipkart.com//lifestyle/bags-wallets-belts/women,worked
No title,http://www.flipkart.com//jewellery,worked
No title,http://www.flipkart.com//health-and-beauty,worked
No title,http://www.flipkart.com/kids-clothing,worked
No title,http://www.flipkart.com/kids-footwear,worked
No title,http://www.flipkart.com//watches/kids,worked
No title,http://www.flipkart.com//toys/toy-store,worked
No title,http://www.flipkart.com//baby-care,worked
No title,http://www.flipkart.com//sunglasses/pr?p[]=facets.ideal_for[]=Boys&p[]=facets.ideal_for[]=Girls&sid=26x,worked
No title,http://www.flipkart.com//beauty-and-personal-care/fragrances/perfumes/pr?p%5B%5D=sort%3Dpopularity&sid=t06%2Cr3o%2Caa1&pincode=562106&filterNone=true&offer=b%3Amp%3Ac%3A066d6b3929.,worked
No title,http://www.flipkart.com//flipkart-fashion-files/women,worked
No title,http://www.flipkart.com//home-furnishing?otracker=hp_nmenu_sub_home-kitchen_0_Home%20Furnishing,worked
No title,http://www.flipkart.com//home-kitchen-store?otracker=hp_nmenu_sub_home-kitchen_0_Kitchen%20%26%20Dining,worked
No title,http://www.flipkart.com//home-decor?otracker=hp_nmenu_sub_home-kitchen_0_Home%20Decor,worked
No title,http://www.flipkart.com//tools-hardware/tools?otracker=hp_nmenu_sub_home-kitchen_0_Tools%20%26%20Hardware,worked
No title,http://www.flipkart.com//furniture?otracker=hp_nmenu_sub_home-kitchen_0_Small%20Furniture,worked
No title,http://www.flipkart.com//home-furnishing/curtains-accessories/curtains/pr?p%5B%5D=facets.material%255B%255D%3DCotton&sid=vdm%2Clb9%2C1s3&pincode=560034&filterNone=true,worked
No title,http://www.flipkart.com//furniture/seating/chairs-benches-stools/stools/pr?sid=anx%2Cwyb%2C0zk%2Cidy,worked
No title,http://www.flipkart.com//tools-hardware/tools/gardening-tools/pr?sid=amz%2Cqrp%2Ch0o&offer=b%3Amp%3Ac%3A0571cc4017.,worked
No title,http://www.flipkart.com//books,worked
No title,http://www.flipkart.com//premium-beauty-store,worked
No title,"http://www.flipkart.com//beauty-and-personal-care/hair-care/pr?p%5B%5D=facets.brand%255B%255D%3DKhadi&p%5B%5D=facets.brand%255B%255D%3DTRESemme&p%5B%5D=facets.brand%255B%255D%3DLoreal%2BParis&p%5B%5D=facets.brand%255B%255D%3DMatrix&p%5B%5D=facets.brand%255B%255D%3DSchwarzkopf%2BProfessional&p%5B%5D=facets.brand%255B%255D%3DOrganix&p%5B%5D=facets.brand%255B%255D%3DDove&p%5B%5D=facets.brand%255B%255D%3DGiovanni&p%5B%5D=facets.brand%255B%255D%3DSchwarzkopf&p%5B%5D=facets.brand%255B%255D%3DJohn%2BFrieda&sid=t06,b7e",worked
No title,http://www.flipkart.com//automotive/car-accessories/car-audio-video/car-media-players/pr?sid=0hx%2Cf6q%2Chz1%2Choq&filterNone=true,worked
No title,http://www.flipkart.com//automotive/car-accessories/tyres/pr?sid=0hx%2Cf6q%2C4pl&otracker=hp_nmenu_sub_more-stores_0_Car%20Tyres,worked
No title,http://www.flipkart.com//music,worked
No title,http://www.flipkart.com//automotive/pr?sid=0hx,worked
No title,http://www.flipkart.com//ebooks,worked
No title,http://www.flipkart.com//baby-care/~baby-care-supplies/pr?sid=kyh,worked
No title,http://www.flipkart.com//beauty-and-personal-care/sexual-wellness/pr?sid=t06%2C7vg,worked
No title,http://www.flipkart.com//beauty-and-personal-care/hair-care/pr?sid=t06%2Cb7e&offer=b%3Amp%3Ac%3A062d9db714.,worked
No title,http://www.flipkart.com//mobile-apps,worked
No title,https://seller.flipkart.com/ads_management?utm_source=plapromo&utm_medium=rhs&utm_campaign=aug21#/index/published,worked
No title,http://www.flipkart.com//mobile-apps,worked
No title,http://www.flipkart.com//sports-store,worked
No title,http://www.flipkart.com//travel-store/trekking,worked
No title,http://www.flipkart.com//automotive/car-accessories/tyres/pr?sid=0hx%2Cf6q%2C4pl&otracker=nmenu_sub_more-stores_0_Car%20Tyres,worked
No title,http://www.flipkart.com//household/household-supplies,worked
No title,"http://www.flipkart.com//beauty-and-personal-care/women-safety/pr?sid=t06,ko6&otracker=nmenu_sub_women_0_Women%27s%20Safety",worked
No title,http://www.flipkart.com//furniture,worked
No title,http://www.flipkart.com//pet-supplies,worked
No title,http://www.flipkart.com//digiflip,worked
No title,http://www.flipkart.com//automotive,worked
No title,http://www.flipkart.com//luxury-store-watches,worked
No title,http://www.flipkart.com//buy-gift-voucher,worked
No title,http://www.flipkart.com//s/help/payments,worked
No title,http://www.flipkart.com//help/savedcard_how,worked
No title,http://www.flipkart.com//s/help/shipping,worked
No title,http://www.flipkart.com//s/help/cancellation-returns,worked
No title,http://www.flipkart.com//s/help,worked
No title,https://seller.flipkart.com/fiv,worked
No title,http://www.flipkart.com//s/contact,worked
No title,http://www.flipkart.com//about-us,worked
No title,http://www.flipkart.com//ol?link=http%3A%2F%2Fflipkartcareers.com%2F,worked
No title,http://www.flipkart.com//ol?link=http%3A%2F%2Fblog.flipkart.com%2F,worked
No title,http://www.flipkart.com//s/press,worked
No title,http://www.flipkart.com//ol?link=http%3A%2F%2Fslashn.flipkart.net%2F,worked
No title,http://www.flipkart.com//ebooks/gettingstarted,worked
No title,http://www.flipkart.com//help/flyteeBookfaq,worked
No title,http://www.flipkart.com//ebooks/apps,worked
No title,http://www.flipkart.com//mobile-apps,worked
No title,http://www.flipkart.com,worked
No title,http://www.flipkart.com//affiliate/,worked
No title,http://www.flipkart.com//buy-gift-voucher,worked
No title,http://www.flipkart.com//flipkart-first,worked
No title,http://www.flipkart.com//elearning-faq,worked
No title,http://www.flipkart.com//account/orders?srcLink=footer,worked
No title,http://www.flipkart.com//s/terms,worked
No title,http://www.flipkart.com//s/paymentsecurity,worked
No title,http://www.flipkart.com//s/privacypolicy,worked
No title,https://seller.flipkart.com/fiv,worked
No title,http://www.flipkart.com//ol?link=http://www.facebook.com/flipkart,worked
No title,http://www.flipkart.com//ol?link=http://www.twitter.com/flipkart,worked
No title,http://www.flipkart.com//ol?link=https://plus.google.com/109591199284807005836/posts,worked
No title,http://www.flipkart.com//ol?link=http://www.youtube.com/flipkart,worked
No title,http://www.flipkart.com//brands,worked
No title,http://www.flipkart.com//store-directory,worked
No title,http://www.flipkart.com//mobiles,worked
No title,http://www.flipkart.com//home-furnishing/bed/bedsheets,worked
No title,http://www.flipkart.com//home-furnishing/living/curtains-accessories,worked
No title,http://www.flipkart.com//household/bulbs,worked
No title,http://www.flipkart.com//household/storage,worked
No title,http://www.flipkart.com//household/kitchen-tools,worked
No title,"http://www.flipkart.com//home-decor/clocks-wall-decor/wall-decor/wall-decals-stickers/pr?sid=1m7,att,3vm,wrz",worked
No title,http://www.flipkart.com//home-decor/showpieces,worked
No title,http://www.flipkart.com//home-decor/clocks-wall-decor/clocks,worked
No title,"http://www.flipkart.com//home-furnishing/bath/bath-towels/pr?sid=vdm,v28,zs1",worked
No title,http://www.flipkart.com//household/coffee-mugs/pr?sid=r4l%2Cajv,worked
No title,http://www.flipkart.com//tools-hardware/tools/hand-tools/screwdrivers-allen-keys/pr?sid=amz%2Cqrp%2Cez4%2Cl61,worked
No title,http://www.flipkart.com//home-kitchen/home-appliances/air-conditioners,worked
No title,"http://www.flipkart.com//home-kitchen/home-appliances/air-conditioners/voltas~brand/pr?sid=j9e,abm,c54",worked
No title,"http://www.flipkart.com//home-kitchen/home-appliances/air-conditioners/blue-star~brand/pr?sid=j9e,abm,c54",worked
No title,http://www.flipkart.com//home-kitchen/home-appliances/washing-machines,worked
No title,http://www.flipkart.com//home-kitchen/home-appliances/washing-machines/semi-automatic~function/pr?sid=j9e%2Cabm%2C8qx,worked
No title,http://www.flipkart.com//home-kitchen/home-appliances/washing-machines/fully-automatic~function/pr?sid=j9e%2Cabm%2C8qx,worked
No title,http://www.flipkart.com//home-kitchen/kitchen-appliances/microwave-ovens,worked
No title,http://www.flipkart.com//home-kitchen/home-appliances/refrigerators,worked
No title,"http://www.flipkart.com//cameras/samsung~brand/pr?sid=jek,p31",worked
No title,"http://www.flipkart.com//cameras/dslr~type/pr?sid=jek,p31",worked
No title,"http://www.flipkart.com//camera-accessories/lenses/pr?sid=jek,6l2,e9y",worked
No title,"http://www.flipkart.com//camera-accessories/tripods/pr?sid=jek,6l2,ce6",worked
No title,http://www.flipkart.com//cameras,worked
No title,"http://www.flipkart.com//laptops/apple~brand/pr?sid=6bo,b5g",worked
No title,"http://www.flipkart.com//laptops/acer~brand/pr?sid=6bo,b5g",worked
No title,"http://www.flipkart.com//laptops/samsung~brand/pr?sid=6bo,b5g",worked
No title,"http://www.flipkart.com//laptops/asus~brand/pr?sid=6bo,b5g",worked
No title,"http://www.flipkart.com//laptops/toshiba~brand/pr?sid=6bo,b5g",worked
No title,"http://www.flipkart.com//laptops/lg~brand/pr?sid=6bo,b5g",worked
No title,"http://www.flipkart.com//laptops/~notebook/pr?sid=6bo,b5g",worked
No title,"http://www.flipkart.com//brands/laptops?sid=6bo,b5g",worked
No title,http://www.flipkart.com//home-entertainment/tvs/sony~brand/pr?sid=ckf%2Cczl,worked
No title,http://www.flipkart.com//home-entertainment/tvs/samsung~brand/pr?sid=ckf%2Cczl,worked
No title,http://www.flipkart.com//home-entertainment/tvs/lg~brand/pr?sid=ckf%2Cczl,worked
No title,http://www.flipkart.com//home-entertainment/tvs/panasonic~brand/pr?sid=ckf%2Cczl,worked
No title,http://www.flipkart.com//home-entertainment/tvs/onida~brand/pr?sid=ckf%2Cczl,worked
No title,http://www.flipkart.com//home-entertainment/tvs/toshiba~brand/pr?sid=ckf%2Cczl,worked
No title,http://www.flipkart.com//home-entertainment/tvs/philips~brand/pr?sid=ckf%2Cczl,worked
No title,http://www.flipkart.com//home-entertainment/tvs/micromax~brand/pr?sid=ckf%2Cczl,worked
No title,http://www.flipkart.com//home-entertainment/tvs/led~screen-type/pr?sid=ckf%2Cczl,worked
No title,http://www.flipkart.com//home-entertainment/tvs/lcd~screen-type/pr?sid=ckf%2Cczl,worked
No title,http://www.flipkart.com//home-entertainment/tvs/plasma~screen-type/pr?sid=ckf%2Cczl,worked
No title,http://www.flipkart.com//home-entertainment/tvs/3d-tv~features/pr?sid=ckf%2Cczl,worked
No title,http://www.flipkart.com//home-entertainment/tvs/smart-tv~features/pr?sid=ckf%2Cczl,worked
No title,http://www.flipkart.com//televisions,worked
No title,"http://www.flipkart.com//tablets/windows~operating-system/pr?sid=tyy,hry",worked
No title,"http://www.flipkart.com//tablets/android~operating-system/pr?sid=tyy,hry",worked
No title,"http://www.flipkart.com//tablets/hcl~brand/pr?sid=tyy,hry",worked
No title,http://www.flipkart.com//tablets,worked
No title,http://www.flipkart.com//watches/titan~brand/pr?sid=r18,worked
No title,http://www.flipkart.com//watches/casio~brand/pr?sid=r18,worked
No title,http://www.flipkart.com//watches/fossil~brand/pr?sid=r18,worked
No title,http://www.flipkart.com//watches/diesel~brand/pr?sid=r18,worked
No title,http://www.flipkart.com//watches/~luxury-watches/pr?sid=r18,worked
No title,http://www.flipkart.com//watches,worked
No title,http://www.flipkart.com//mens-clothing/jeans,worked
No title,http://www.flipkart.com//mens-clothing/t-shirts,worked
No title,http://www.flipkart.com//womens-clothing/ethnic-wear/sarees,worked
No title,http://www.flipkart.com//womens-clothing/ethnic-wear,worked
No title,http://www.flipkart.com//clothing,worked
No title,http://www.flipkart.com//brands/footwear?sid=osp,worked
No title,http://www.amazon.in//gp/site-directory,worked
No title,https://www.amazon.in/ap/signin?_encoding=UTF8&openid.assoc_handle=inflex&openid.claimed_id=http%3A%2F%2Fspecs.openid.net%2Fauth%2F2.0%2Fidentifier_select&openid.identity=http%3A%2F%2Fspecs.openid.net%2Fauth%2F2.0%2Fidentifier_select&openid.mode=checkid_setup&openid.ns=http%3A%2F%2Fspecs.openid.net%2Fauth%2F2.0&openid.ns.pape=http%3A%2F%2Fspecs.openid.net%2Fextensions%2Fpape%2F1.0&openid.pape.max_auth_age=0&openid.return_to=https%3A%2F%2Fwww.amazon.in%2Fgp%2Fyourstore%2Fhome%3Fie%3DUTF8%26ref_%3Dnav_ya_signin,worked
No title,http://www.amazon.in//gp/cart/view.html,worked
No title,http://www.amazon.in//gp/registry/wishlist,worked
No title,http://www.amazon.in//gp/yourstore/home,worked
No title,http://www.amazon.in//gp/goldbox,worked
No title,http://www.amazon.in//gift-card-store/b?ie=UTF8&node=3704982031,worked
No title,http://www.amazon.in//b?ie=UTF8&node=2838698031,worked
No title,http://www.amazon.in//gp/help/customer/display.html?ie=UTF8&nodeId=200507590,worked
No title,http://www.amazon.in/#gw-ftGr-desktop-hero-kindle-A,worked
No title,http://www.amazon.in/#gw-ftGr-desktop-hero-kindle-B,worked
No title,http://www.amazon.in/#gw-ftGr-desktop-hero-softlines,worked
No title,http://www.amazon.in/#gw-ftGr-desktop-hero-piv,worked
No title,http://www.amazon.in/#gw-ftGr-desktop-hero-prime,worked
No title,http://www.amazon.in/#gw-ftGr-desktop-hero-A,worked
No title,http://www.amazon.in/#gw-ftGr-desktop-hero-B,worked
No title,http://www.amazon.in/#gw-ftGr-desktop-hero-C,worked
No title,http://www.amazon.in//ap/signin?_encoding=UTF8&openid.assoc_handle=inflex&openid.claimed_id=http%3A%2F%2Fspecs.openid.net%2Fauth%2F2.0%2Fidentifier_select&openid.identity=http%3A%2F%2Fspecs.openid.net%2Fauth%2F2.0%2Fidentifier_select&openid.mode=checkid_setup&openid.ns=http%3A%2F%2Fspecs.openid.net%2Fauth%2F2.0&openid.ns.pape=http%3A%2F%2Fspecs.openid.net%2Fextensions%2Fpape%2F1.0&openid.pape.max_auth_age=0&openid.return_to=https%3A%2F%2Fwww.amazon.in%2Fgp%2Fgoldbox%2Fhome%3Fie%3DUTF8&ref_=nav_signin,worked
No title,http://www.amazon.in//All-New-Kindle-Paperwhite-Resolution-Display/dp/B00QJDOEAO?ie=UTF8&*Version*=1&*entries*=0,worked
No title,http://www.amazon.in//Sandisk-MicroSDHC-Class-Memory-Card/dp/B001D0ROGO,worked
No title,http://www.amazon.in//Strontium-MicroSDHC-Memory-Card-Class/dp/B00O54VXTY,worked
No title,http://www.amazon.in//Sandisk-Ultra-microSDHC-Memory-Adapter/dp/B00M55C0LK,worked
No title,http://www.amazon.in//Strontium-16GB-MicroSD-Memory-Class/dp/B009C1623W,worked
No title,http://www.amazon.in//SanDisk-Class-micro-Memory-SDSDQM-016G-B35/dp/B001F7AJKI,worked
No title,http://www.amazon.in//gp/bestsellers/electronics/1388963031,worked
No title,http://www.amazon.in//Pigeon-Rapido-Cute-Induction-Cooktop/dp/B00ET1G91A,worked
No title,http://www.amazon.in//Nova-NSG-2438-750-Watt-2-Slice/dp/B00I5HPTJ2,worked
No title,http://www.amazon.in//Electronic-Kitchen-Digital-Weighing-Measure/dp/B00MKA9WXO,worked
No title,http://www.amazon.in//Orpat-HHB-100E-WOB-250-Watt-Blender/dp/B00A7PLVU6,worked
No title,http://www.amazon.in//Prestige-PIC-6-0-V2-2000-Watt/dp/B00GBXDKXO,worked
No title,http://www.amazon.in//gp/bestsellers/kitchen/1380045031,worked
No title,http://www.amazon.in//b?_encoding=UTF8&node=6290401031,worked
No title,http://www.amazon.in//b/?_encoding=UTF8&node=4594605031,worked
No title,http://www.amazon.in//SanDisk-Cruzer-Blade-Drive-Black/dp/B002U28LZC,worked
No title,http://www.amazon.in//Phicomm-Energy-653-4G-Black/dp/B010URB82G,worked
No title,http://www.amazon.in//Mi-MZB4300IN-4i-16GB-Grey/dp/B0117H62QK,worked
No title,http://www.amazon.in//Word-Power-Made-Norman-Lewis/dp/8183071007,worked
No title,http://www.amazon.in//Meizu-M2-NOTE-note-White/dp/B01082DG6Y,worked
No title,http://www.amazon.in//Mi-Redmi-2-White/dp/B00VEB055E,worked
No title,http://www.amazon.in//OnePlus-One-Sandstone-Black-64GB/dp/B00OK2ZW5W,worked
No title,http://www.amazon.in//OnePlus-Sandstone-Black-64GB-Invite/dp/B011RG8SOU,worked
No title,http://www.amazon.in//Fitbit-Wireless-Activity-Tracker-Wristband/dp/B00BGO0Q9O,worked
No title,http://www.amazon.in//Karbonn-Titanium-Machfive-White-Blue/dp/B0114OECEA,worked
No title,http://www.amazon.in//Micromax-Canvas-Juice-AQ5001-Silver/dp/B00UTKPKHY,worked
No title,http://www.amazon.in//YU-Yureka-Plus-Moondust-Grey/dp/B011HY3T1E,worked
No title,http://www.amazon.in//Lenovo-A6000-5-Inch-Android-Smartphone/dp/B00WJTZ2KS,worked
No title,http://www.amazon.in//Pigeon-Handy-Mini-Chopper-Green/dp/B010NK6UDC,worked
No title,http://www.amazon.in//YU-Yureka-Plus-Alabaster-White/dp/B011HZ00JC,worked
No title,http://www.amazon.in//Making-India-Awesome-Essays-Columns/dp/8129137429,worked
No title,http://www.amazon.in//YU-Yuphoria-5-Inch-Android-Smartphone/dp/B00XTWAR7W,worked
No title,http://www.amazon.in//All-New-Kindle-Paperwhite-Resolution-Display/dp/B00QJDOEAO,worked
No title,http://www.amazon.in//s?_encoding=UTF8&bbn=1350387031&rh=i%3Awatches%2Cn%3A1350387031%2Cp_n_feature_two_browse-bin%3A1480926031,worked
No title,http://www.amazon.in//Titan-Karishma-Analog-Champagne-Womens/dp/B007JA3FQ0,worked
No title,http://www.amazon.in//Titan-Raga-Analog-Womens-Watch/dp/B007NM68GI,worked
No title,http://www.amazon.in//Titan-Analog-White-Womens-Watch/dp/B00BI374GQ,worked
No title,http://www.amazon.in//Sonata-Everyday-Analog-Champagne-Womens/dp/B00ECWL2FE,worked
No title,http://www.amazon.in//Titan-Analog-Champagne-Womens-Watch/dp/B007JA4OGU,worked
No title,http://www.amazon.in//Geneva-Rhinestone-collection-Stainless-RoseGold/dp/B00VA4G63K,worked
No title,http://www.amazon.in//Titan-Raga-Analog-Womens-Watch/dp/B008DCXTDC,worked
No title,http://www.amazon.in//Fossil-Analog-Silver-Womens-ES3284/dp/B00AFTT8KE,worked
No title,http://www.amazon.in//Titan-Karishma-Analog-Black-Watch/dp/B00BHVINU0,worked
No title,http://www.amazon.in//Titan-Analog-Multi-Color-Womens-Watch/dp/B007NM6QKG,worked
No title,http://www.amazon.in//Titan-Karishma-Analog-White-Watch/dp/B007R9Y41S,worked
No title,http://www.amazon.in//Titan-Analog-White-Womens-Watch/dp/B007NM50M6,worked
No title,http://www.amazon.in//Titan-Karishma-Analog-Silver-Womens/dp/B007R9X4A0,worked
No title,http://www.amazon.in//Titan-Karishma-Analog-Gold-Color-Watch/dp/B00EALAOT2,worked
No title,http://www.amazon.in//Titan-Analog-White-Womens-Watch/dp/B007NM52HE,worked
No title,http://www.amazon.in//Titan-Analog-Silver-Womens-Watch/dp/B007NM6PI4,worked
No title,http://www.amazon.in//Sonata-Wedding-Analog-Multi-Color-Womens/dp/B00DBSHE7A,worked
No title,http://www.amazon.in//Daniel-Klein-Analog-Womens-Watch/dp/B0111IW72S,worked
No title,http://www.amazon.in//Timex-Women-Analog-Champagne-Womens/dp/B007R9WFWI,worked
No title,http://www.amazon.in//Titan-Karishma-Analog-Black-Womens/dp/B008OVVRXQ,worked
No title,http://www.amazon.in//Sonata-Analog-Dial-Womens-Watch/dp/B00GSJBN62,worked
No title,http://www.amazon.in//Titan-Raga-Analog-Womens-Watch/dp/B007NM6Q0Q,worked
No title,http://www.amazon.in//Titan-Karishma-Analog-Gold-Watch/dp/B007R9WDZC,worked
No title,http://www.amazon.in//Timex-Women-Analog-Womens-Watch/dp/B007R9WG2C,worked
No title,http://www.amazon.in//Sonata-Analog-Gold-Womens-Watch/dp/B00HPSRDBO,worked
No title,http://www.amazon.in//Titan-Karishma-Analog-Black-Watch/dp/B00821FRAC,worked
No title,http://www.amazon.in//Titan-Regalia-Analog-Gold-Watch/dp/B007Y6T78O,worked
No title,http://www.amazon.in//Titan-Analog-Champagne-Womens-Watch/dp/B008501TUM,worked
No title,http://www.amazon.in//Titan-Raga-Analog-Womens-Watch/dp/B00ASNSO4I,worked
No title,http://www.amazon.in//Casio-Edifice-Tachymeter-Chronograph-Multi-Color/dp/B007V319CM,worked
No title,http://www.amazon.in//Oleva-Analogue-OPW-11-WO/dp/B00NSIQLVS,worked
No title,http://www.amazon.in//Sonata-Wedding-Analog-White-Womens/dp/B00E7RSVOO,worked
No title,http://www.amazon.in//Oleva-Analogue-White-Womens-OPW2/dp/B00B2HEMJA,worked
No title,http://www.amazon.in//Casio-Multi-Function-Analog-Womens/dp/B00TZS0346,worked
No title,http://www.amazon.in//Oleva-Analogue-Womens-OPW10-Gold/dp/B00N413CUW,worked
No title,http://www.amazon.in//Sonata-Wedding-Analog-Womens-Watch/dp/B00M81PKMW,worked
No title,http://www.amazon.in//Titan-Analog-Mother-Womens-95011WM03J/dp/B00NFFUQB0,worked
No title,http://www.amazon.in//Timex-Analog-Silver-Dial-Watch/dp/B007R9YY0Y,worked
No title,http://www.amazon.in//Sonata-Analog-Gold-Womens-Watch/dp/B00GSJ4SN2,worked
No title,http://www.amazon.in//Laurels-Premium-Womens-Watch-LL-Aura-101/dp/B00INBCEP2,worked
No title,http://www.amazon.in//Titan-Analog-Multiclolor-Womens-Watch/dp/B00F4SI45G,worked
No title,http://www.amazon.in//Sonata-Analog-Black-Womens-Watch/dp/B00CL5281Q,worked
No title,http://www.amazon.in//Titan-Karishma-Analog-Silver-Womens/dp/B00ASNSF9M,worked
No title,http://www.amazon.in//Timex-Fashion-Analog-Silver-Womens/dp/B007PMVWAI,worked
No title,http://www.amazon.in//Titan-Analog-White-Womens-Watch/dp/B00ASNWK52,worked
No title,http://www.amazon.in//Titan-Analog-Mother-Womens-2539WM01/dp/B00NFFVRDG,worked
No title,http://www.amazon.in//Timex-Classics-Analog-Womens-Watch/dp/B007R9W3EI,worked
No title,http://www.amazon.in//ADAMO-Ornamental-Ladies-Bracelet-JL400/dp/B0139BENP4,worked
No title,http://www.amazon.in//Titan-Karishma-Analog-Black-Watch/dp/B00EALB0PE,worked
No title,http://www.amazon.in//Oleva-Analogue-White-Womens-OPW3/dp/B00B2HEHYU,worked
No title,http://www.amazon.in//Titan-Analog-Black-Dial-Watch/dp/B00K81UV5K,worked
No title,http://www.amazon.in//Titan-Analog-Off-White-Womens-Watch/dp/B00BJJRWWA,worked
No title,http://www.amazon.in//SHVAS-Golden-Samurai-Bracelet-Watch/dp/B013NNBAGI,worked
No title,http://www.amazon.in//Titan-Karishma-Analog-Beige-Womens/dp/B008501632,worked
No title,http://www.amazon.in//Titan-Karishma-Analog-Womens-Watch/dp/B00BJYPPYM,worked
No title,http://www.amazon.in//Titan-Analog-Mother-Pearl-Womens/dp/B00GQYGK0S,worked
No title,http://www.amazon.in//Titan-Karishma-Analog-Golden-Watch/dp/B007V32GX8,worked
No title,http://www.amazon.in//Titan-Pearl-Analog-Womens-Watch/dp/B00GQYGMHE,worked
No title,http://www.amazon.in//Sonata-8120YM01-sonata-8120ym01/dp/B00LTQMKXE,worked
No title,http://www.amazon.in//Maxima-Analog-White-Womens-Watch/dp/B00CL53DCO,worked
No title,http://www.amazon.in//Titan-Purple-Analog-Brown-Womens/dp/B00CXLUFZY,worked
No title,http://www.amazon.in//Titan-Karishma-Analog-Womens-Watch/dp/B009TUHI02,worked
No title,http://www.amazon.in//Fossil-Analogue-Watch-Women-AM4482/dp/B00MALUCDW,worked
No title,http://www.amazon.in//Sonata-SFAL-Analog-Womens-Watch/dp/B00EY7UO9C,worked
No title,http://www.amazon.in//Titan-Analog-White-Dial-Watch/dp/B00C3M6L9M,worked
No title,http://www.amazon.in//Joker-Witch-Sleek-Analog-Womens/dp/B011G2RNZA,worked
No title,http://www.amazon.in//Titan-Analog-Mother-Pearl-Womens/dp/B007NM51WA,worked
No title,http://www.amazon.in//Titan-Karishma-Analog-Champagne-Watch/dp/B007V32Z8E,worked
No title,http://www.amazon.in//Titan-Raga-Analog-Womens-Watch/dp/B007NM6R14,worked
No title,http://www.amazon.in//Titan-Karishma-Analog-Off-White-Watch/dp/B00EALA06O,worked
No title,http://www.amazon.in//Titan-Analog-Champagne-Womens-Watch/dp/B008501NJ4,worked
No title,http://www.amazon.in//Fossil-Analog-Brown-Unisex-ES3380/dp/B00BEU1630,worked
No title,http://www.amazon.in//Joker-plated-Metallic-Analog-Womens/dp/B011A2QGVS,worked
No title,http://www.amazon.in//Titan-Regalia-Analog-White-Watch/dp/B007NM5FDK,worked
No title,http://www.amazon.in//Titan-Analog-Silver-Womens-Watch/dp/B0085022NA,worked
No title,http://www.amazon.in//Titan-Karishma-Analog-Watch-9154YM02A/dp/B007R9WEL0,worked
No title,http://www.amazon.in//b?_encoding=UTF8&node=7036584031,worked
No title,http://www.amazon.in//dp/B00BGO0Q9O,worked
No title,http://www.amazon.in//gp/bestsellers/books,worked
No title,http://www.amazon.in//Manorama-Yearbook-2015-Book-CD/dp/B00O1N77HG,worked
No title,http://www.amazon.in//Half-Girlfriend-Chetan-Bhagat/dp/8129135728,worked
No title,http://www.amazon.in//The-Monk-Who-Sold-Ferrari/dp/817992162X,worked
No title,http://www.amazon.in//Mrs-Funnybones-Twinkle-Khanna/dp/0143424467,worked
No title,http://www.amazon.in//Started-Friend-Request-Sudeep-Nagarkar/dp/8184004206,worked
No title,http://www.amazon.in//Worlds-Best-Boyfriend-Durjoy-Datta/dp/0143424637,worked
No title,http://www.amazon.in//Life-What-Make-Preeti-Shenoy/dp/9380349300,worked
No title,http://www.amazon.in//Scion-Ikshvaku-Part-Chandra-Series/dp/9385152149,worked
No title,http://www.amazon.in//The-Secret-Nagas-Shiva-Trilogy/dp/9381626340,worked
No title,http://www.amazon.in//The-Immortals-Meluha-Shiva-Trilogy/dp/9380658745,worked
No title,http://www.amazon.in//Who-Will-Cry-When-You/dp/8179922324,worked
No title,http://www.amazon.in//The-Oath-Vayuputras-Shiva-Trilogy/dp/9382618341,worked
No title,http://www.amazon.in//General-Knowledge-2016-Current-Affairs/dp/8178123819,worked
No title,http://www.amazon.in//Youre-Password-Life-Sudeep-Nagarkar/dp/8184005849,worked
No title,http://www.amazon.in//Half-Baked-Love-Story-Imprint/dp/9382665269,worked
No title,http://www.amazon.in//Ignited-Minds-A-P-J-Abdul-Kalam/dp/0143424122,worked
No title,http://www.amazon.in//The-Old-Man-Ernest-Hemingway/dp/0099908409,worked
No title,http://www.amazon.in//History-Modern-India-Bipan-Chandra/dp/8125036849,worked
No title,http://www.amazon.in//s?_encoding=UTF8&bbn=3704982031&lo=gift-cards&rh=i%3Agift-cards%2Cn%3A3704982031%2Cp_n_theme_browse-bin%3A4036875031%7C4036880031%7C4036887031%7C4036897031%7C4036905031,worked
No title,http://www.amazon.in//JoyAlukkas-Gift-Voucher-Rs-1000/dp/B00MB2YJXY,worked
No title,http://www.amazon.in//Peter-England-Gift-Card-Rs-2000/dp/B00MB2UGWM,worked
No title,http://www.amazon.in//Megamart-Gift-Voucher-Rs-500/dp/B00NPY67SM,worked
No title,http://www.amazon.in//Louis-Phillipe-Gift-Card-Rs-3000/dp/B00MB2SV9M,worked
No title,http://www.amazon.in//Titan-Gift-Card-Rs-1000/dp/B00M31QVM0,worked
No title,http://www.amazon.in//Titan-Eye-Gift-Card-Rs-2000/dp/B00MB2PZNM,worked
No title,http://www.amazon.in//Allen-Solly-Gift-Card-Rs-1000/dp/B00M31MWJ6,worked
No title,http://www.amazon.in//Van-Heusen-Gift-Card-Rs-2000/dp/B00MB2R6MK,worked
No title,http://www.amazon.in//Arvind-Gift-Card-Arrow-Rs-5000/dp/B00M31PK2W,worked
No title,http://www.amazon.in//Pavers-England-Gift-Card-Rs-1000/dp/B00MB2TSNA,worked
No title,http://www.amazon.in//Gini-Jony-Gift-Voucher-Rs-5000/dp/B00MB2Y0TW,worked
No title,http://www.amazon.in//Hidesign-Gift-Card-Rs-2000/dp/B00MB2WGAM,worked
No title,http://www.amazon.in//PN-Rao-Gift-Card-Rs-1000/dp/B00MM63TBM,worked
No title,http://www.amazon.in//Helios-Gift-Card-Rs-3000/dp/B00M31NYJS,worked
No title,http://www.amazon.in//dp/B010QB5AG6,worked
No title,http://www.amazon.in//s?_encoding=UTF8&bbn=1983577031&rh=i%3Ashoes%2Cn%3A1571283031%2Cn%3A!1571284031%2Cn%3A1983396031%2Cn%3A1983518031%2Cn%3A1983577031%2Cp_89%3AConverse%7CBritish%20Knights%7CVans%7CUnited%20Colors%20of%20Benetton%7CDC%7CGas%7CClarks%7CCR7%20Cristiano%20Ronaldo%7CDesigual%7CHub%2Cp_n_pct-off-with-tax%3A2665400031%2Cn%3A!1571284031&sort=review-rank,worked
No title,http://www.amazon.in//Crompton-Greaves-IWHO3PC1-3-Litre-Instant/dp/B00HWQ9DX0,worked
No title,http://www.amazon.in//Karcher-MV1-1200-Watt-Vacuum-Cleaner/dp/B00LFKG3CI,worked
No title,http://www.amazon.in//Philips-AC4072-47-Watt-Purifier-White/dp/B00MILS3GC,worked
No title,http://www.amazon.in//Philips-AC4025-Watt-Purifier-White/dp/B00MILS1CI,worked
No title,http://www.amazon.in//Philips-AC4014-30-Watt-Purifier-White/dp/B00MILS33U,worked
No title,http://www.amazon.in//Philips-FC8088-81-1-5-Litre-1000-Watt/dp/B00FDMB21Q,worked
No title,http://www.amazon.in//Philips-AC4372-63-Watt-Purifier-White/dp/B00MILS43E,worked
No title,http://www.amazon.in//Havells-Florina-Premium-Underlight-Ceiling/dp/B00J5DY2OS,worked
No title,http://www.amazon.in//Usha-OFR-3209-Room-Heater/dp/B00DL0T46M,worked
No title,http://www.amazon.in//Usha-AquGenie-10-Litre-Storage-Moonflower/dp/B00MVVBN4S,worked
No title,http://www.amazon.in//Philips-Ecocare-GC3720-02-2200-Watt/dp/B00FMNH67K,worked
No title,http://www.amazon.in//Karcher-K2-110-Pressure-Washer-Yellow/dp/B005UHV9W6,worked
No title,http://www.amazon.in//AO-Smith-EWS-3-3-Litre-3000-Watt/dp/B00M2PD8ZA,worked
No title,http://www.amazon.in//Philips-Ecocare-GC3721-02-2200-Watt/dp/B00FMNH72O,worked
No title,http://www.amazon.in//Usha-Fontana-Lotus-1230mm-Ceiling/dp/B009ZBCPXK,worked
No title,http://www.amazon.in//s?_encoding=UTF8&rh=i%3Aapparel%2Cn%3A1571271031%2Cp_89%3Adisney%20by%20genes&sort=date-desc-rank,worked
No title,http://www.amazon.in//Disney-Genes-Womens-Tank-CHD15-001KTTNK_White_Small/dp/B00YOLM9UA,worked
No title,http://www.amazon.in//Disney-Genes-Womens-Blouse-CHD15-004KTBLO_White_Small/dp/B00YOLNHUG,worked
No title,http://www.amazon.in//Disney-Genes-Womens-Blouse-CHD15-006KTBLO_Drop_Small/dp/B00YOLR53Q,worked
No title,http://www.amazon.in//Disney-Genes-Womens-Tank-CHD15-008KTTNK_White_Small/dp/B00YOLS4D6,worked
No title,http://www.amazon.in//Disney-Genes-Womens-Blouse-CHD15-011KTBLO_Drop_Small/dp/B00YOLU0YM,worked
No title,http://www.amazon.in//Disney-Genes-Womens-Blouse-CHD15-012KTBLO_Volcanic_Small/dp/B00YOLWU86,worked
No title,http://www.amazon.in//Disney-Genes-Womens-Blouse-CHD15-015KTBLO_White_Small/dp/B00YOLXOBI,worked
No title,http://www.amazon.in//Disney-Genes-Womens-Blouse-CHD15-016KTBLO_Vellum_Small/dp/B00YOM0HXK,worked
No title,http://www.amazon.in//Disney-Genes-Womens-Tank-CHD15-017KTTNK_White_Small/dp/B00YOM1JC8,worked
No title,http://www.amazon.in//Disney-Genes-Womens-Blouse-CHD15-021KTBLO_White_Small/dp/B00YOM2VFM,worked
No title,http://www.amazon.in//Disney-Genes-Womens-Blouse-CHD15-026KTBLO_Dragee_Small/dp/B00YOM407Y,worked
No title,http://www.amazon.in//Disney-Genes-Womens-Blouse-CHD15-027KTBLO_White_Small/dp/B00YOM4K1K,worked
No title,http://www.amazon.in//Disney-Genes-Womens-Blouse-CHD15-028KTBLO_White_Small/dp/B00YOM63CY,worked
No title,http://www.amazon.in//Disney-Genes-Womens-Blouse-CHD15-029KTBLO_Model_Small/dp/B00YOM6L6W,worked
No title,http://www.amazon.in//Disney-Genes-Womens-T-Shirt-CHD15-034KTTOP_Volcanic_Small/dp/B00YOM7Z1M,worked
No title,http://www.amazon.in//Disney-Genes-Womens-Blouse-CHD15-035KTBLO_Dragee_Small/dp/B00YOM930S,worked
No title,http://www.amazon.in//Disney-Genes-Womens-T-Shirt-CHD15-036KTTOP_Vellum_Small/dp/B00YOM9LIC,worked
No title,http://www.amazon.in//Disney-Genes-Womens-T-Shirt-CHD15-037KTTOP_Model_Small/dp/B00YOMA4PQ,worked
No title,http://www.amazon.in//Disney-Genes-Womens-T-Shirt-CHD15-040KTBLO_White_Small/dp/B00YOMANHA,worked
No title,http://www.amazon.in//Disney-Genes-Womens-T-Shirt-CHD15-041KTBLO_Vellum_Small/dp/B00YOMBOCS,worked
No title,http://www.amazon.in//Disney-Genes-Womens-T-Shirt-CHD15-043KTBLO_Model_Small/dp/B00YOMC59E,worked
No title,http://www.amazon.in//Disney-Genes-Womens-T-Shirt-CHD15-046KTBLO_Volcanic_Small/dp/B00YOMDJTO,worked
No title,http://www.amazon.in//Disney-Genes-Womens-T-Shirt-CHD15-048KTTOP_Vellum_Small/dp/B00YOMEEPM,worked
No title,http://www.amazon.in//Disney-Genes-Womens-T-Shirt-CHD15-050KTBLO_White_Small/dp/B00YOMFAQE,worked
No title,http://www.amazon.in//Disney-Genes-Womens-T-Shirt-CHD15-051KTTOP_Plunge_Small/dp/B00YOMG48W,worked
No title,http://www.amazon.in//Disney-Genes-Womens-Animal-CHD15-053KTBLO_White_Small/dp/B00YOMGYIC,worked
No title,http://www.amazon.in//Disney-Genes-Womens-Animal-CHD15-054KTBLO_Black_Small/dp/B00YOMHIJ6,worked
No title,http://www.amazon.in//Disney-Genes-Womens-Animal-CHD15-055KTBLO_Flesh_Small/dp/B00YOMI318,worked
No title,http://www.amazon.in//Disney-Genes-Womens-Blouse-CHD15-056KTBLO_Drop_Small/dp/B00YOMK2YY,worked
No title,http://www.amazon.in//Disney-Genes-Womens-Blouse-CHD15-057KTBLO_Black_Small/dp/B00YOMKOU6,worked
No title,http://www.amazon.in//Disney-Genes-Womens-Blouse-CHD15-059KTBLO_Model_Small/dp/B00YOMM23I,worked
No title,http://www.amazon.in//Disney-Genes-Womens-T-Shirt-CHD15-061KTTOP_Volcanic_Small/dp/B00YOMQGNU,worked
No title,http://www.amazon.in//Disney-Genes-Womens-CHD15-021KTBLO_Bleach-Denim_Small/dp/B00YOMS02U,worked
No title,http://www.amazon.in//Disney-Genes-Womens-Blouse-CHD15-029KTBLO_Teal_Small/dp/B00YOMSW82,worked
No title,http://www.amazon.in//Disney-Genes-Womens-T-Shirt-CHD15-036KTTOP_Coral_Small/dp/B00YOMTS8U,worked
No title,http://www.amazon.in//Disney-Genes-Womens-T-Shirt-CHD15-037KTTOP_Teal_Small/dp/B00YOMUM58,worked
No title,http://www.amazon.in//b?_encoding=UTF8&node=7240530031,worked
No title,http://www.amazon.in//b?_encoding=UTF8&node=6750756031,worked
No title,http://www.amazon.in//gp/help/customer/display.html/?ie=UTF8&nodeId=201083470,worked
No title,http://www.amazon.in//Books/b?ie=UTF8&node=976389031,worked
No title,http://www.amazon.in//movies-tv-shows/b?ie=UTF8&node=976416031,worked
No title,http://www.amazon.in//Kindle-Glare-Free-Touchscreen-Display-Wi-Fi/dp/B00KDRQ2RU,worked
No title,http://www.amazon.in//Fashion/b?ie=UTF8&node=5620642031,worked
No title,http://www.amazon.in//Samsung-Mobiles/b?ie=UTF8&node=4363159031,worked
No title,http://www.amazon.in//Dell-Laptops/b?ie=UTF8&node=4364642031,worked
No title,http://www.amazon.in//Canon-Cameras/b?ie=UTF8&node=4361362031,worked
No title,http://www.amazon.in//Fastrack-Watches/b?ie=UTF8&node=4371849031,worked
No title,http://www.amazon.in//b?ie=UTF8&node=5331319031,worked
No title,http://www.amazon.in//Deals/b?ie=UTF8&node=1592905031,worked
No title,http://www.amazon.in//Online-Charity/b?ie=UTF8&node=4594605031,worked
No title,http://www.amazon.in//gp/feature.html?ie=UTF8&docId=1000745723,worked
No title,http://www.amazon.in//b?ie=UTF8&node=6759758031,worked
No title,http://www.amazon.in//Google-Nexus-D821-16GB-Black/dp/B00GC1J55C,worked
No title,http://www.amazon.in//Apple-iPhone-Space-Grey-16GB/dp/B00O4WTPOC,worked
No title,http://www.amazon.in//Samsung-Mobiles/b?ie=UTF8&node=4363159031,worked
No title,http://www.amazon.in//Sony-Mobiles/b?ie=UTF8&node=4363247031,worked
No title,http://www.amazon.in//Nokia-Mobiles/b?ie=UTF8&node=4363184031,worked
No title,http://www.amazon.in//Micromax-Mobiles/b?ie=UTF8&node=4363185031,worked
No title,http://www.amazon.in//HTC-Mobiles/b?ie=UTF8&node=4363216031,worked
No title,http://www.amazon.in//HP-Laptops/b?ie=UTF8&node=4364643031,worked
No title,http://www.amazon.in//Dell-Laptops/b?ie=UTF8&node=4364642031,worked
No title,http://www.amazon.in//Acer-Laptops/b?ie=UTF8&node=4364645031,worked
No title,http://www.amazon.in//Canon-Cameras/b?ie=UTF8&node=4361362031,worked
No title,http://www.amazon.in//Nikon-Cameras/b?ie=UTF8&node=4361363031,worked
No title,http://www.amazon.in//Sony-Cameras/b?ie=UTF8&node=4368643031,worked
No title,http://www.amazon.in//Micromax-Tablets/b?ie=UTF8&node=4363897031,worked
No title,http://www.amazon.in//b?ie=UTF8&node=5925848031,worked
No title,http://www.amazon.in//b?ie=UTF8&node=5619672031,worked
No title,http://www.amazon.in//b?ie=UTF8&node=5925847031,worked
No title,http://www.amazon.in//b?ie=UTF8&node=5925894031,worked
No title,http://www.amazon.in//Gillette/b?ie=UTF8&node=5620045031,worked
No title,http://www.amazon.in//b?ie=UTF8&node=5925890031,worked
No title,http://www.amazon.in//Lego-Toys-Games/b?ie=UTF8&node=5745670031,worked
No title,http://www.amazon.in//b?ie=UTF8&node=5807229031,worked
No title,http://www.amazon.in//Casio-Watches/b?ie=UTF8&node=3965458031,worked
No title,http://www.amazon.in//Titan-Watches/b?ie=UTF8&node=4371850031,worked
No title,http://www.amazon.in//Fastrack-Watches/b?ie=UTF8&node=4371849031,worked
No title,http://www.amazon.in//Timex-Watches/b?ie=UTF8&node=3965457031,worked
No title,http://www.amazon.in//Maxima-Watches/b?ie=UTF8&node=4371856031,worked
No title,http://www.amazon.in//Fossil-Watches/b?ie=UTF8&node=4371853031,worked
No title,http://www.amazon.in//Citizen-Watches/b?ie=UTF8&node=4371854031,worked
No title,http://www.amazon.in//Sonata-Watches/b?ie=UTF8&node=4371851031,worked
No title,http://www.amazon.in//Tommy-Hilfiger-Watches/b?ie=UTF8&node=4371852031,worked
No title,http://www.amazon.in//Bata-Shoes/b?ie=UTF8&node=5382688031,worked
No title,http://www.amazon.in//Woodland-Shoes/b?ie=UTF8&node=4510741031,worked
No title,http://www.amazon.in//Fila-Shoes/b?ie=UTF8&node=4510734031,worked
No title,http://www.amazon.in//Crocs-Shoes/b?ie=UTF8&node=4510732031,worked
No title,http://www.amazon.in//Nike-Shoes/b?ie=UTF8&node=4522909031,worked
No title,http://www.amazon.in//Adidas-Shoes/b?ie=UTF8&node=4510749031,worked
No title,http://www.amazon.in//Puma-Shoes/b?ie=UTF8&node=4510714031,worked
No title,http://www.amazon.in//b?ie=UTF8&node=5519017031,worked
No title,http://www.amazon.in//Fastrack-Bags/b?ie=UTF8&node=4371865031,worked
No title,http://www.amazon.in//Baggit-Handbags/b?ie=UTF8&node=4371847031,worked
No title,http://www.amazon.in//Hidesign-Bags/b?ie=UTF8&node=4339824031,worked
No title,http://www.amazon.in//Ray-Ban-Sunglasses/b?ie=UTF8&node=5288788031,worked
No title,http://www.amazon.in//VIP-Bags/b?ie=UTF8&node=4371861031,worked
No title,http://www.amazon.in//Da-Milano-Handbags/b?ie=UTF8&node=4299448031,worked
No title,http://www.amazon.in//American-Tourister-Bags/b?ie=UTF8&node=4371862031,worked
No title,http://www.amazon.in//Formal-Shirts/b?ie=UTF8&node=1968096031,worked
No title,http://www.amazon.in//Casual-Shirts/b?ie=UTF8&node=1968094031,worked
No title,http://www.amazon.in//womens-sarees/b?ie=UTF8&node=1968256031,worked
No title,http://www.amazon.in//womens-salwar-suit-sets/b?ie=UTF8&node=3723380031,worked
No title,http://www.amazon.in//Mens-Jeans/b?ie=UTF8&node=1968076031,worked
No title,http://www.amazon.in//Women-Pants-Capris/b?ie=UTF8&node=1968547031,worked
No title,http://www.amazon.in//Polos/b?ie=UTF8&node=1968122031,worked
No title,http://www.amazon.in//Women-Dresses/b?ie=UTF8&node=1968445031,worked
No title,http://www.amazon.in//boys-clothing/b?ie=UTF8&node=1967851031,worked
No title,http://www.amazon.in//Girl-clothing/b?ie=UTF8&node=1967936031,worked
No title,http://www.amazon.in//Samsung-Galaxy-Core-4-5-Inch-Smartphone/dp/B00LSPH89C,worked
No title,http://www.amazon.in//b?ie=UTF8&node=6612057031,worked
No title,http://www.amazon.in//Micromax-Canvas-Juice-A177-Black/dp/B00J60MFTO,worked
No title,http://www.amazon.in//b?ie=UTF8&node=6690337031,worked
No title,http://www.amazon.in//Micromax-Canvas-Knight-A350-Black-Gold/dp/B00IXCZA16,worked
No title,http://www.amazon.in//b?ie=UTF8&node=6176967031,worked
No title,http://www.amazon.in//Google-Nexus-Tablet-Indigo-Black/dp/B00M6UC5B4,worked
No title,http://www.amazon.in//b?ie=UTF8&node=6294306031,worked
No title,http://www.amazon.in//Scion-Ikshvaku-Part-Chandra-Series/dp/9385152149,worked
No title,http://www.amazon.in//Huggies/b?ie=UTF8&node=4192512031,worked
No title,http://www.amazon.in//Pampers/b?ie=UTF8&node=4192511031,worked
No title,http://www.amazon.in//Hair-Care-Styling/b?ie=UTF8&node=1374305031,worked
No title,http://www.amazon.in//Skin-Care/b?ie=UTF8&node=1374407031,worked
No title,http://www.amazon.in//Fragrances/b?ie=UTF8&node=1374298031,worked
No title,http://www.amazon.in//Xbox-One/b?ie=UTF8&node=2785596031,worked
No title,http://www.amazon.in//Xbox-360/b?ie=UTF8&node=1377081031,worked
No title,http://www.amazon.in//Redmi-Note-4G-5-5-Inch-Smartphone/dp/B00VEB0N6A,worked
No title,http://www.amazon.in//Mi-Redmi-2-White/dp/B00VEB055E,worked
No title,http://www.amazon.in//b?ie=UTF8&node=6170563031,worked
No title,http://www.amazon.in//b?ie=UTF8&node=1592138031,worked
No title,http://amazon.jobs,worked
No title,http://www.amazon.in//b?ie=UTF8&node=1592137031,worked
No title,http://www.amazon.in//Online-Charity/b?ie=UTF8&node=4594605031,worked
No title,http://www.amazon.in/gp/redirect.html/ref=footer_fb?location=http://www.facebook.com/AmazonIN&token=6BD0FB927CC51E76FF446584B1040F70EA7E88E1,worked
No title,http://www.amazon.in/gp/redirect.html/ref=footer_twitter?location=http://twitter.com/AmazonIN&token=7A1A4AE8F6CE0BD277D8295E58702D283F329C0F,worked
No title,https://www.amazon.in/gp/redirect.html/ref=footer_blog?_encoding=UTF8&location=http://blog.amazon.in,worked
No title,https://www.amazon.in/refer-and-earn,worked
No title,http://services.amazon.in/services/sell-on-amazon/benefits.html/ref=az_footer_soa?ld=AWRGINSOAfooter,worked
No title,https://www.amazon.in:443/gp/redirect.html?_encoding=UTF8&location=https%3A%2F%2Faffiliate-program.amazon.in%2F%3Futm_campaign%3Dassocshowcase%26utm_medium%3Dfooter%26utm_source%3DGW&source=standards&token=680FE811DE27E32BF3D5179FEDA69BDF16FC904C,worked
No title,http://services.amazon.in/services/fulfilment-by-amazon/benefits.html/ref=az_footer_fba?ld=AWRGINFBAfooter,worked
No title,http://www.amazon.in//gp/css/homepage.html,worked
No title,http://www.amazon.in//gp/help/customer/display.html?ie=UTF8&nodeId=200534000,worked
No title,http://www.amazon.in//gp/css/returns/homepage.html,worked
No title,http://www.amazon.in//gp/help/customer/display.html?ie=UTF8&nodeId=201083470,worked
No title,http://www.amazon.in//gp/help/customer/display.html?ie=UTF8&nodeId=200507590,worked
No title,http://www.amazon.com.au,worked
No title,http://www.amazon.com.br,worked
No title,http://www.amazon.ca,worked
No title,http://www.amazon.fr,worked
No title,http://www.amazon.de,worked
No title,http://www.amazon.it,worked
No title,http://www.amazon.co.jp,worked
No title,http://www.amazon.com.mx/,worked
No title,http://www.amazon.nl/,worked
No title,http://www.amazon.es,worked
No title,http://www.amazon.co.uk,worked
No title,http://www.amazon.com,worked
No title,http://www.abebooks.com/,worked
No title,http://aws.amazon.com/what-is-cloud-computing/?sc_channel=EL&sc_campaign=IN_amazonfooter,worked
No title,http://www.audible.com/,worked
No title,http://www.diapers.com/,worked
No title,http://www.dpreview.in/,worked
No title,http://www.imdb.in/,worked
No title,http://www.junglee.com/,worked
No title,http://www.look.com/,worked
No title,http://www.myhabit.com/,worked
No title,http://www.shopbop.com/,worked
No title,http://www.yoyo.com/,worked
No title,https://www.amazonbusiness.in/,worked
No title,http://www.amazon.in//gp/help/customer/display.html?ie=UTF8&nodeId=200545940,worked
No title,http://www.amazon.in//gp/help/customer/display.html?ie=UTF8&nodeId=200534380,worked
No title,http://www.amazon.in//b?ie=UTF8&node=6691071031,worked
No title,http://www.ebay.com/#mainContent,worked
No title,http://www.ebay.com/,worked
No title,http://www.ebay.com/sch/ebayadvsearch/?rt=nc,worked
No title,https://signin.ebay.com/ws/eBayISAPI.dll?SignIn&_trksid=m570.l3348,worked
No title,http://deals.ebay.com/,worked
No title,http://csr.ebay.com/cse/sell.jsf,worked
No title,http://ocs.ebay.com/ws/eBayISAPI.dll?CustomerSupport,worked
No title,http://www.ebay.com/rpp/back-to-school,worked
No title,http://my.ebay.com/ws/eBayISAPI.dll?MyEbay&gbh=1,worked
No title,http://www.ebay.com/#gh-eb-My,worked
No title,http://www.ebay.com/myb/Summary,worked
No title,http://www.ebay.com/myb/BidsOffers,worked
No title,http://www.ebay.com/myb/WatchList,worked
No title,http://my.ebay.com/ws/eBayISAPI.dll?MyEbayBeta&CurrentPage=MyeBayNextListIndex&wl=1,worked
No title,http://my.ebay.com/ws/eBayISAPI.dll?MyEbayBeta&CurrentPage=MyeBayNextListIndex&tagId=-100&ssPageName=STRK:ME:LNLK:MESINDXX,worked
No title,http://www.ebay.com/myb/PurchaseHistory,worked
No title,http://my.ebay.com/ws/eBayISAPI.dll?MyEbay&gbh=1&CurrentPage=MyeBayAllSelling&ssPageName=STRK:ME:LNLK:MESX,worked
No title,http://www.ebay.com/cln/_mycollections,worked
No title,http://my.ebay.com/ws/eBayISAPI.dll?MyEbay&gbh=1&CurrentPage=MyeBayAllFavorites,worked
No title,http://mesgmy.ebay.com/ws/eBayISAPI.dll?ViewMyMessages&gbh=1&ssPageName=STRK:ME:LNLK&CurrentPage=MyeBayMyMessages,worked
No title,http://cart.payments.ebay.com/sc/view,worked
No title,https://signin.ebay.com/ws/eBayISAPI.dll?SignIn&ru=http%3A%2F%2Fwww.ebay.com%2Ffeed,worked
No title,http://www.ebay.com/motors,worked
No title,http://www.ebay.com/sch/Cars-Trucks-/6001/i.html?_dcat=6001&_momoc=1&_rdc=1,worked
No title,http://www.ebay.com/rpp/Motorcycles,worked
No title,http://parts.motors.ebay.com/Parts-Accessories/6028/,worked
No title,http://www.ebay.com/sch/Automotive-Tools-Supplies-/34998/,worked
No title,http://www.ebay.com/sch/Boats-/26429/i.html?_momoc=1&_rdc=1,worked
No title,http://www.ebaymotorsblog.com,worked
No title,http://www.ebay.com/motors/garage,worked
No title,http://www.ebay.com/sch/Other-Vehicles-Trailers-/6038/i.html?_momoc=1&_rdc=1,worked
No title,http://www.ebay.com/sch/Powersports-/66466/i.html?_momoc=1&_rdc=1,worked
No title,http://www.ebay.com/sch/RVs-Campers-/50054/i.html,worked
No title,http://www.ebay.com/rpp/motors-specials,worked
No title,http://www.ebay.com/rpp/fashion-main,worked
No title,http://www.ebay.com/rpp/mens-clothing,worked
No title,http://www.ebay.com/rpp/womens-clothing,worked
No title,http://www.ebay.com/rpp/kids-baby,worked
No title,http://www.ebay.com/rpp/designer-collective,worked
No title,http://www.ebay.com/rpp/jewelry-watches,worked
No title,http://www.ebay.com/rpp/handbags,worked
No title,http://www.ebay.com/rpp/health-beauty,worked
No title,http://www.ebay.com/rpp/fashion-sales-events,worked
No title,http://www.ebay.com/rpp/electronics,worked
No title,http://www.ebay.com/rpp/cell-phone-pda,worked
No title,http://www.ebay.com/rpp/camera-photo,worked
No title,http://www.ebay.com/rpp/computers-networking,worked
No title,http://www.ebay.com/rpp/video-games,worked
No title,http://www.ebay.com/rpp/more-electronics,worked
No title,http://www.ebay.com/rpp/iphone,worked
No title,http://www.ebay.com/rpp/electronics,worked
No title,http://www.ebay.com/rpp/tv-video-audio,worked
No title,http://www.ebay.com/rpp/bestbuylocal,worked
No title,http://www.ebay.com/sell/phones.jsf,worked
No title,http://www.ebay.com/rpp/collectibles-art,worked
No title,http://www.ebay.com/rpp/collectibles,worked
No title,http://www.ebay.com/rpp/coins,worked
No title,http://www.ebay.com/rpp/sports-mem,worked
No title,http://www.ebay.com/collectibles-liveauctions,worked
No title,http://www.live.ebay.com/lvx/sothebys,worked
No title,http://www.ebay.com/rpp/bullion,worked
No title,http://www.ebay.com/rpp/antiques,worked
No title,http://www.ebay.com/rpp/art,worked
No title,http://www.ebay.com/rpp/entertainment-memorabilia,worked
No title,http://www.ebay.com/rpp/stamps,worked
No title,http://www.ebay.com/rpp/home-garden/,worked
No title,http://www.ebay.com/rpp/crafts/,worked
No title,http://www.ebay.com/rpp/decor,worked
No title,http://www.ebay.com/chp/pet-supplies,worked
No title,http://www.ebay.com/chp/baby,worked
No title,http://www.ebay.com/rpp/home-improvement,worked
No title,http://www.ebay.com/rpp/kitchen-dining,worked
No title,http://www.ebay.com/rpp/tools,worked
No title,http://www.ebay.com/rpp/yard-garden,worked
No title,http://www.ebay.com/rpp/sporting-goods,worked
No title,http://www.ebay.com/rpp/cycling,worked
No title,http://www.ebay.com/rpp/golf,worked
No title,http://www.ebay.com/rpp/hunting,worked
No title,http://www.ebay.com/rpp/exercise-fitness,worked
No title,http://www.ebay.com/rpp/fishing,worked
No title,http://www.ebay.com/rpp/sporting-goods-events/PGA-Shops,worked
No title,http://www.ebay.com/rpp/outdoor-sports,worked
No title,http://www.ebay.com/chp/sporting-goods/team-sports/159049,worked
No title,http://www.ebay.com/rpp/sporting-goods-sales-events,worked
No title,http://www.ebay.com/rpp/Toys-and-Hobbies,worked
No title,http://www.ebay.com/vlp/toys-collector-hobbyist,worked
No title,http://www.ebay.com/vlp/toys-kids,worked
No title,http://stores.ebay.com/toysrus,worked
No title,http://www.ebay.com/rpp/Action-Figures,worked
No title,http://www.ebay.com/rpp/Building-Toys,worked
No title,http://www.ebay.com/rpp/dolls-bears,worked
No title,http://www.ebay.com/rpp/Model-railroads-Trains,worked
No title,http://www.ebay.com/rpp/Radio-control-Control-Line,worked
No title,http://deals.ebay.com,worked
No title,http://deals.ebay.com/,worked
No title,http://giftcard.ebay.com/,worked
No title,http://www.ebay.com/ngp/next-gen-product-gifts,worked
No title,http://groupgifts.ebay.com/,worked
No title,http://my.ebay.com/wishlistsearch/,worked
No title,http://www.ebay.com/motors,worked
No title,http://www.ebay.com/rpp/fashion-main,worked
No title,http://www.ebay.com/rpp/electronics,worked
No title,http://www.ebay.com/rpp/collectibles-art,worked
No title,http://www.ebay.com/rpp/home-garden/,worked
No title,http://www.ebay.com/rpp/sporting-goods,worked
No title,http://www.ebay.com/rpp/Toys-and-Hobbies,worked
No title,http://deals.ebay.com,worked
No title,http://www.ebay.com//sch/allcategories/all-categories,worked
No title,http://srx.main.ebayrtm.com/clk?RtmClk&lid=2159991&m=597715&pg=2057337&aii=8470956912889936951&u=1H4sIAAAAAAAAAFMOTixRcCxNVzAyAiIrAwMrEzMF3%2BAQBSMDQ1NerszMFFsLE3MDS1MzS0MjCwtLS2MzS1NDXi4AQxJUAzgAAAA%3D&i=-9999&g=58ee267514f0a5eab696ddbefff7d558&uf=0,worked
No title,http://srx.main.ebayrtm.com/clk?RtmClk&lid=2060561&m=575508&pg=2057337&aii=8470956895978503212&u=1H4sIAAAAAAAAAFMOTixRcCxNVzAyAiIrAwMrEzMF3%2BAQBSMDQ1NerszMFFsLE3MDS1MzC0tTS3MLUwNjI0MjXi4Ap99AWzgAAAA%3D&i=-9999&g=58ee267514f0a5eab696ddbefff7d558&uf=0,worked
No title,http://www.ebay.com/cln/ebaytecheditor/Gramophones-to-Love/227962635012,worked
No title,http://www.ebay.com/cln/ebaytecheditor/Gramophones-to-Love/227962635012,worked
No title,http://www.ebay.com/cln/ebaytecheditor/Gramophones-to-Love/227962635012,worked
No title,http://www.ebay.com/cln/ebaytecheditor/Gramophones-to-Love/227962635012,worked
No title,http://www.ebay.com/cln/ebaytecheditor/Gramophones-to-Love/227962635012,worked
No title,http://www.ebay.com/cln/ebaytecheditor/Gramophones-to-Love/227962635012,worked
No title,http://www.ebay.com/cln/ebaytecheditor/Gramophones-to-Love/227962635012,worked
No title,http://www.ebay.com/cln/ebaytecheditor/Gramophones-to-Love/227962635012,worked
No title,http://www.ebay.com/cln/ebaytecheditor/Gramophones-to-Love/227962635012,worked
No title,http://www.ebay.com/cln/ebaycollectionseditor/Old-Time-Music/228206361015,worked
No title,http://www.ebay.com/cln/ebaycollectionseditor/Old-Time-Music/228206361015,worked
No title,http://www.ebay.com/cln/ebaycollectionseditor/Old-Time-Music/228206361015,worked
No title,http://www.ebay.com/cln/ebaycollectionseditor/Old-Time-Music/228206361015,worked
No title,http://www.ebay.com/cln/ebaycollectionseditor/Old-Time-Music/228206361015,worked
No title,http://www.ebay.com/cln/ebaycollectionseditor/Old-Time-Music/228206361015,worked
No title,http://www.ebay.com/cln/ebaycollectionseditor/Old-Time-Music/228206361015,worked
No title,http://www.ebay.com/cln/ebaycollectionseditor/Old-Time-Music/228206361015,worked
No title,http://www.ebay.com/cln/ebaycollectionseditor/Old-Time-Music/228206361015,worked
No title,http://www.ebay.com/cln/ebaymotorseditor/Get-to-the-Chopper/227891343018,worked
No title,http://www.ebay.com/cln/ebaymotorseditor/Get-to-the-Chopper/227891343018,worked
No title,http://www.ebay.com/cln/ebaymotorseditor/Get-to-the-Chopper/227891343018,worked
No title,http://www.ebay.com/cln/ebaymotorseditor/Get-to-the-Chopper/227891343018,worked
No title,http://www.ebay.com/cln/ebaymotorseditor/Get-to-the-Chopper/227891343018,worked
No title,http://www.ebay.com/cln/ebaymotorseditor/Get-to-the-Chopper/227891343018,worked
No title,http://www.ebay.com/cln/ebaymotorseditor/Get-to-the-Chopper/227891343018,worked
No title,http://www.ebay.com/cln/ebaymotorseditor/Get-to-the-Chopper/227891343018,worked
No title,http://www.ebay.com/cln/ebaymotorseditor/Get-to-the-Chopper/227891343018,worked
No title,http://www.ebay.com/cln/ebaydealseditor/Friday-Night-In/221408094015,worked
No title,http://www.ebay.com/cln/ebaydealseditor/Friday-Night-In/221408094015,worked
No title,http://www.ebay.com/cln/ebaydealseditor/Friday-Night-In/221408094015,worked
No title,http://www.ebay.com/cln/ebaydealseditor/Friday-Night-In/221408094015,worked
No title,http://www.ebay.com/cln/ebaydealseditor/Friday-Night-In/221408094015,worked
No title,http://www.ebay.com/cln/ebaydealseditor/Friday-Night-In/221408094015,worked
No title,http://www.ebay.com/cln/ebaydealseditor/Friday-Night-In/221408094015,worked
No title,http://www.ebay.com/cln/ebaydealseditor/Friday-Night-In/221408094015,worked
No title,http://www.ebay.com/cln/ebaydealseditor/Friday-Night-In/221408094015,worked
No title,http://www.ebay.com/cln/ebaydealseditor/Jetsetter-Deals/222066251015,worked
No title,http://www.ebay.com/cln/ebaydealseditor/Jetsetter-Deals/222066251015,worked
No title,http://www.ebay.com/cln/ebaydealseditor/Jetsetter-Deals/222066251015,worked
No title,http://www.ebay.com/cln/ebaydealseditor/Jetsetter-Deals/222066251015,worked
No title,http://www.ebay.com/cln/ebaydealseditor/Jetsetter-Deals/222066251015,worked
No title,http://www.ebay.com/cln/ebaydealseditor/Jetsetter-Deals/222066251015,worked
No title,http://www.ebay.com/cln/ebaydealseditor/Jetsetter-Deals/222066251015,worked
No title,http://www.ebay.com/cln/ebaydealseditor/Jetsetter-Deals/222066251015,worked
No title,http://www.ebay.com/cln/ebaydealseditor/Jetsetter-Deals/222066251015,worked
No title,http://www.ebay.com/cln/ebaystyleeditor/Shoe-In/225118136013,worked
No title,http://www.ebay.com/cln/ebaystyleeditor/Shoe-In/225118136013,worked
No title,http://www.ebay.com/cln/ebaystyleeditor/Shoe-In/225118136013,worked
No title,http://www.ebay.com/cln/ebaystyleeditor/Shoe-In/225118136013,worked
No title,http://www.ebay.com/cln/ebaystyleeditor/Shoe-In/225118136013,worked
No title,http://www.ebay.com/cln/ebaystyleeditor/Shoe-In/225118136013,worked
No title,http://www.ebay.com/cln/ebaystyleeditor/Shoe-In/225118136013,worked
No title,http://www.ebay.com/cln/ebaystyleeditor/Shoe-In/225118136013,worked
No title,http://www.ebay.com/cln/ebaystyleeditor/Shoe-In/225118136013,worked
No title,http://www.ebay.com/cln/ebaystyleeditor/Keep-It-Simple/225120860013,worked
No title,http://www.ebay.com/cln/ebaystyleeditor/Keep-It-Simple/225120860013,worked
No title,http://www.ebay.com/cln/ebaystyleeditor/Keep-It-Simple/225120860013,worked
No title,http://www.ebay.com/cln/ebaystyleeditor/Keep-It-Simple/225120860013,worked
No title,http://www.ebay.com/cln/ebaystyleeditor/Keep-It-Simple/225120860013,worked
No title,http://www.ebay.com/cln/ebaystyleeditor/Keep-It-Simple/225120860013,worked
No title,http://www.ebay.com/cln/ebaystyleeditor/Keep-It-Simple/225120860013,worked
No title,http://www.ebay.com/cln/ebaystyleeditor/Keep-It-Simple/225120860013,worked
No title,http://www.ebay.com/cln/ebaystyleeditor/Keep-It-Simple/225120860013,worked
No title,http://www.ebay.com/cln/ebaystyleeditor/Seek-Silk/227957824013,worked
No title,http://www.ebay.com/cln/ebaystyleeditor/Seek-Silk/227957824013,worked
No title,http://www.ebay.com/cln/ebaystyleeditor/Seek-Silk/227957824013,worked
No title,http://www.ebay.com/cln/ebaystyleeditor/Seek-Silk/227957824013,worked
No title,http://www.ebay.com/cln/ebaystyleeditor/Seek-Silk/227957824013,worked
No title,http://www.ebay.com/cln/ebaystyleeditor/Seek-Silk/227957824013,worked
No title,http://www.ebay.com/cln/ebaystyleeditor/Seek-Silk/227957824013,worked
No title,http://www.ebay.com/cln/ebaystyleeditor/Seek-Silk/227957824013,worked
No title,http://www.ebay.com/cln/ebaystyleeditor/Seek-Silk/227957824013,worked
No title,http://www.ebay.com/cln/ebayhomeeditor/Tantalizing-Textures/227662244018,worked
No title,http://www.ebay.com/cln/ebayhomeeditor/Tantalizing-Textures/227662244018,worked
No title,http://www.ebay.com/cln/ebayhomeeditor/Tantalizing-Textures/227662244018,worked
No title,http://www.ebay.com/cln/ebayhomeeditor/Tantalizing-Textures/227662244018,worked
No title,http://www.ebay.com/cln/ebayhomeeditor/Tantalizing-Textures/227662244018,worked
No title,http://www.ebay.com/cln/ebayhomeeditor/Tantalizing-Textures/227662244018,worked
No title,http://www.ebay.com/cln/ebayhomeeditor/Tantalizing-Textures/227662244018,worked
No title,http://www.ebay.com/cln/ebayhomeeditor/Tantalizing-Textures/227662244018,worked
No title,http://www.ebay.com/cln/ebayhomeeditor/Tantalizing-Textures/227662244018,worked
No title,http://www.ebay.com/cln/ebaytreasureseditor/Touch-History/227168608017,worked
No title,http://www.ebay.com/cln/ebaytreasureseditor/Touch-History/227168608017,worked
No title,http://www.ebay.com/cln/ebaytreasureseditor/Touch-History/227168608017,worked
No title,http://www.ebay.com/cln/ebaytreasureseditor/Touch-History/227168608017,worked
No title,http://www.ebay.com/cln/ebaytreasureseditor/Touch-History/227168608017,worked
No title,http://www.ebay.com/cln/ebaytreasureseditor/Touch-History/227168608017,worked
No title,http://www.ebay.com/cln/ebaytreasureseditor/Touch-History/227168608017,worked
No title,http://www.ebay.com/cln/ebaytreasureseditor/Touch-History/227168608017,worked
No title,http://www.ebay.com/cln/ebaytreasureseditor/Touch-History/227168608017,worked
No title,http://www.ebay.com/cln/ebaydealseditor/Fresh-Faced/227700443015,worked
No title,http://www.ebay.com/cln/ebaydealseditor/Fresh-Faced/227700443015,worked
No title,http://www.ebay.com/cln/ebaydealseditor/Fresh-Faced/227700443015,worked
No title,http://www.ebay.com/cln/ebaydealseditor/Fresh-Faced/227700443015,worked
No title,http://www.ebay.com/cln/ebaydealseditor/Fresh-Faced/227700443015,worked
No title,http://www.ebay.com/cln/ebaydealseditor/Fresh-Faced/227700443015,worked
No title,http://www.ebay.com/cln/ebaydealseditor/Fresh-Faced/227700443015,worked
No title,http://www.ebay.com/cln/ebaydealseditor/Fresh-Faced/227700443015,worked
No title,http://www.ebay.com/cln/ebaydealseditor/Fresh-Faced/227700443015,worked
No title,http://www.ebay.com/cln/ebaydealseditor/Art-Walk/222335699015,worked
No title,http://www.ebay.com/cln/ebaydealseditor/Art-Walk/222335699015,worked
No title,http://www.ebay.com/cln/ebaydealseditor/Art-Walk/222335699015,worked
No title,http://www.ebay.com/cln/ebaydealseditor/Art-Walk/222335699015,worked
No title,http://www.ebay.com/cln/ebaydealseditor/Art-Walk/222335699015,worked
No title,http://www.ebay.com/cln/ebaydealseditor/Art-Walk/222335699015,worked
No title,http://www.ebay.com/cln/ebaydealseditor/Art-Walk/222335699015,worked
No title,http://www.ebay.com/cln/ebaydealseditor/Art-Walk/222335699015,worked
No title,http://www.ebay.com/cln/ebaydealseditor/Art-Walk/222335699015,worked
No title,http://www.ebay.com/cln/ebaycollectionseditor/Branch-Out/227716600015,worked
No title,http://www.ebay.com/cln/ebaycollectionseditor/Branch-Out/227716600015,worked
No title,http://www.ebay.com/cln/ebaycollectionseditor/Branch-Out/227716600015,worked
No title,http://www.ebay.com/cln/ebaycollectionseditor/Branch-Out/227716600015,worked
No title,http://www.ebay.com/cln/ebaycollectionseditor/Branch-Out/227716600015,worked
No title,http://www.ebay.com/cln/ebaycollectionseditor/Branch-Out/227716600015,worked
No title,http://www.ebay.com/cln/ebaycollectionseditor/Branch-Out/227716600015,worked
No title,http://www.ebay.com/cln/ebaycollectionseditor/Branch-Out/227716600015,worked
No title,http://www.ebay.com/cln/ebaycollectionseditor/Branch-Out/227716600015,worked
No title,http://www.ebay.com/cln/ebayhomeeditor/Scents-of-Place/227409998018,worked
No title,http://www.ebay.com/cln/ebayhomeeditor/Scents-of-Place/227409998018,worked
No title,http://www.ebay.com/cln/ebayhomeeditor/Scents-of-Place/227409998018,worked
No title,http://www.ebay.com/cln/ebayhomeeditor/Scents-of-Place/227409998018,worked
No title,http://www.ebay.com/cln/ebayhomeeditor/Scents-of-Place/227409998018,worked
No title,http://www.ebay.com/cln/ebayhomeeditor/Scents-of-Place/227409998018,worked
No title,http://www.ebay.com/cln/ebayhomeeditor/Scents-of-Place/227409998018,worked
No title,http://www.ebay.com/cln/ebayhomeeditor/Scents-of-Place/227409998018,worked
No title,http://www.ebay.com/cln/ebayhomeeditor/Scents-of-Place/227409998018,worked
No title,http://www.ebay.com/cln/ebaymotorseditor/Go-the-Distance/227412293018,worked
No title,http://www.ebay.com/cln/ebaymotorseditor/Go-the-Distance/227412293018,worked
No title,http://www.ebay.com/cln/ebaymotorseditor/Go-the-Distance/227412293018,worked
No title,http://www.ebay.com/cln/ebaymotorseditor/Go-the-Distance/227412293018,worked
No title,http://www.ebay.com/cln/ebaymotorseditor/Go-the-Distance/227412293018,worked
No title,http://www.ebay.com/cln/ebaymotorseditor/Go-the-Distance/227412293018,worked
No title,http://www.ebay.com/cln/ebaymotorseditor/Go-the-Distance/227412293018,worked
No title,http://www.ebay.com/cln/ebaymotorseditor/Go-the-Distance/227412293018,worked
No title,http://www.ebay.com/cln/ebaymotorseditor/Go-the-Distance/227412293018,worked
No title,http://www.ebay.com/cln/ebaydealseditor/Hunting-for-Headphones/133796302015,worked
No title,http://www.ebay.com/cln/ebaydealseditor/Hunting-for-Headphones/133796302015,worked
No title,http://www.ebay.com/cln/ebaydealseditor/Hunting-for-Headphones/133796302015,worked
No title,http://www.ebay.com/cln/ebaydealseditor/Hunting-for-Headphones/133796302015,worked
No title,http://www.ebay.com/cln/ebaydealseditor/Hunting-for-Headphones/133796302015,worked
No title,http://www.ebay.com/cln/ebaydealseditor/Hunting-for-Headphones/133796302015,worked
No title,http://www.ebay.com/cln/ebaydealseditor/Hunting-for-Headphones/133796302015,worked
No title,http://www.ebay.com/cln/ebaydealseditor/Hunting-for-Headphones/133796302015,worked
No title,http://www.ebay.com/cln/ebaydealseditor/Hunting-for-Headphones/133796302015,worked
No title,http://www.ebay.com/cln/ebaytreasureseditor/Trick-the-Eye/226662974017,worked
No title,http://www.ebay.com/cln/ebaytreasureseditor/Trick-the-Eye/226662974017,worked
No title,http://www.ebay.com/cln/ebaytreasureseditor/Trick-the-Eye/226662974017,worked
No title,http://www.ebay.com/cln/ebaytreasureseditor/Trick-the-Eye/226662974017,worked
No title,http://www.ebay.com/cln/ebaytreasureseditor/Trick-the-Eye/226662974017,worked
No title,http://www.ebay.com/cln/ebaytreasureseditor/Trick-the-Eye/226662974017,worked
No title,http://www.ebay.com/cln/ebaytreasureseditor/Trick-the-Eye/226662974017,worked
No title,http://www.ebay.com/cln/ebaytreasureseditor/Trick-the-Eye/226662974017,worked
No title,http://www.ebay.com/cln/ebaytreasureseditor/Trick-the-Eye/226662974017,worked
No title,http://www.ebay.com/cln/ebaytecheditor/A-Legend-and-His-Leica/227230334012,worked
No title,http://www.ebay.com/cln/ebaytecheditor/A-Legend-and-His-Leica/227230334012,worked
No title,http://www.ebay.com/cln/ebaytecheditor/A-Legend-and-His-Leica/227230334012,worked
No title,http://www.ebay.com/cln/ebaytecheditor/A-Legend-and-His-Leica/227230334012,worked
No title,http://www.ebay.com/cln/ebaytecheditor/A-Legend-and-His-Leica/227230334012,worked
No title,http://www.ebay.com/cln/ebaytecheditor/A-Legend-and-His-Leica/227230334012,worked
No title,http://www.ebay.com/cln/ebaytecheditor/A-Legend-and-His-Leica/227230334012,worked
No title,http://www.ebay.com/cln/ebaytecheditor/A-Legend-and-His-Leica/227230334012,worked
No title,http://www.ebay.com/cln/ebaytecheditor/A-Legend-and-His-Leica/227230334012,worked
No title,http://deals.ebay.com,worked
No title,http://deals.ebay.com/5002210170_UFC_FIT_12_Week_Home_Training_Weight_Loss_Exercise_Fitness_DVD_Workout_Program?_trksid=p2057337.m2592&_trkparms=,worked
No title,http://deals.ebay.com/5002210176_HP_350_G2_15_6__Notebook___4GB_RAM___500GB_HDD___Intel_Core_i5_5200U___Win_8_1?_trksid=p2057337.m2592&_trkparms=,worked
No title,http://deals.ebay.com/5002210607_New_73__Cat_Tree_Scratcher_Play_House_Condo_Furniture_Toy_Bed_Post_Pet_House_90?_trksid=p2057337.m2592&_trkparms=,worked
No title,http://deals.ebay.com/5002209990_2015_1_oz_Gold_American_Buffalo_Brilliant_Uncirculated___SKU__87711?_trksid=p2057337.m2592&_trkparms=,worked
No title,http://deals.ebay.com/5002210609_LG_G_Pad_V410_AT_T_GSM_Unlocked_7_Inch_4G_LTE_Wi_Fi_16GB_Tablet____MFR?_trksid=p2057337.m2592&_trkparms=,worked
No title,http://deals.ebay.com/5002210610_Dyson_DC39_Animal_Bagless_Ball_Canister_Vacuum_Cleaner____Bonus_Tool_?_trksid=p2057337.m2592&_trkparms=,worked
No title,http://deals.ebay.com/5002206787_Nikon_1_S2_Mirrorless_14_2MP_Digital_Camera_with_11_27_5mm_Lens?_trksid=p2057337.m2592&_trkparms=,worked
No title,http://deals.ebay.com/5002209996_1_oz_Gold_Bar_Pamp_Suisse_Lady_Fortuna_In_Assay_Veriscan_Packaging___SKU__88907?_trksid=p2057337.m2592&_trkparms=,worked
No title,http://deals.ebay.com/5002210611_Samsung_S27E510C_27__Curved_LED_Monitor_High_Glossy_Black_Finish_Full_1080p_?_trksid=p2057337.m2592&_trkparms=,worked
No title,http://deals.ebay.com/5002203595_FILA_Women_s_Memory_Panache_Training_Shoes?_trksid=p2057337.m2592&_trkparms=,worked
No title,http://deals.ebay.com/5002210635_Microsoft_Xbox_LIVE_12_Month_Gold_Membership_for_Xbox_360___XBOX_ONE?_trksid=p2057337.m2592&_trkparms=,worked
No title,http://deals.ebay.com/5002210003_Lot_of_100___2015_1oz_Silver_American_Eagle__1_Coin?_trksid=p2057337.m2592&_trkparms=,worked
No title,http://deals.ebay.com/5002210000_2015_1oz_Gold_Canadian_Maple_Leaf?_trksid=p2057337.m2592&_trkparms=,worked
No title,http://deals.ebay.com/5002208241_DJI_Phantom_3_Advanced_Quadcopter_Drone_with_1080p_HD_Video_Camera__150_Visa_GC?_trksid=p2057337.m2592&_trkparms=,worked
No title,http://deals.ebay.com/5002210166_New_Bronze_2_Tier_Rolling_Clothing_Garment_Rack_Shelving_Wire_Shelf_Dress_G72?_trksid=p2057337.m2592&_trkparms=,worked
No title,http://deals.ebay.com/5002210005_US__10_Gold_Liberty_Eagle_Coin_MS62_PCGS___Random_Dates?_trksid=p2057337.m2592&_trkparms=,worked
No title,http://deals.ebay.com/5002210164_2015_Buffalo_5oz__999_Silver_Medallion_by_Silvertowne?_trksid=p2057337.m2592&_trkparms=,worked
No title,http://deals.ebay.com/5002210608_Apple_iPhone_6___64GB____Factory_Unlocked__Smartphone___Silver_Gray_Gold?_trksid=p2057337.m2592&_trkparms=,worked
No title,http://deals.ebay.com/5002210175_HP_250_G3_15_6__Notebook__Intel_i3___4GB_RAM__500GB_HDD__Win_8_1_Win_10_Upgrade?_trksid=p2057337.m2592&_trkparms=,worked
No title,http://deals.ebay.com/5002201798_Apple_iPhone_6_Plus__128GB_GSM_Unlocked_Space_Gray_Gold_Silver_Choose_Your_Color?_trksid=p2057337.m2592&_trkparms=,worked
No title,http://deals.ebay.com/5002207016_Amazon_Fire_Phone___32GB___4G_LTE__AT_T_Unlocked__Smartphone_W__Prime___Warranty?_trksid=p2057337.m2592&_trkparms=,worked
No title,http://deals.ebay.com/5002204896_Samsung_HU8550_Series_65__Class_UHD_4K_3D_Smart_LED_TV__UN65HU8550?_trksid=p2057337.m2592&_trkparms=,worked
No title,http://deals.ebay.com/5002201855_Dell_Inspiron_14_3000_14__Intel_Celeron_2_16GHz_HD_Notebook__2GB_RAM__500GB_HDD?_trksid=p2057337.m2592&_trkparms=,worked
No title,http://deals.ebay.com/5002180140_EdgeStar_TBC50S_Deluxe_Mini_Kegerator_and_Draft_Beer_Dispenser?_trksid=p2057337.m2592&_trkparms=,worked
No title,http://deals.ebay.com/5002200769_EOBD_OBD2_OBDII_Car_Scanner_Diagnostic_Live_Data_Code_Reader_Check_Engine?_trksid=p2057337.m2592&_trkparms=,worked
No title,http://www.ebay.com/cln,worked
No title,http://www.ebay.com/usr/living-locurto,worked
No title,http://www.ebay.com/cln/living-locurto/Crazy-Cat-Lover-Gifts/227653846018,worked
No title,http://www.ebay.com/usr/living-locurto,worked
No title,http://www.ebay.com/cln/living-locurto/Crazy-Cat-Lover-Gifts/227653846018,worked
No title,http://www.ebay.com/cln/living-locurto/Crazy-Cat-Lover-Gifts/227653846018,worked
No title,http://www.ebay.com/cln/living-locurto/Crazy-Cat-Lover-Gifts/227653846018,worked
No title,http://www.ebay.com/usr/more_home_garden_ideas,worked
No title,http://www.ebay.com/cln/more_home_garden_ideas/Bed-Headboard-Ideas/225354778018,worked
No title,http://www.ebay.com/usr/more_home_garden_ideas,worked
No title,http://www.ebay.com/cln/more_home_garden_ideas/Bed-Headboard-Ideas/225354778018,worked
No title,http://www.ebay.com/cln/more_home_garden_ideas/Bed-Headboard-Ideas/225354778018,worked
No title,http://www.ebay.com/cln/more_home_garden_ideas/Bed-Headboard-Ideas/225354778018,worked
No title,http://www.ebay.com/usr/more_home_garden_ideas,worked
No title,http://www.ebay.com/cln/more_home_garden_ideas/Funny-Baby-Shower-Games-Ideas/225355060018,worked
No title,http://www.ebay.com/usr/more_home_garden_ideas,worked
No title,http://www.ebay.com/cln/more_home_garden_ideas/Funny-Baby-Shower-Games-Ideas/225355060018,worked
No title,http://www.ebay.com/cln/more_home_garden_ideas/Funny-Baby-Shower-Games-Ideas/225355060018,worked
No title,http://www.ebay.com/cln/more_home_garden_ideas/Funny-Baby-Shower-Games-Ideas/225355060018,worked
No title,http://www.ebay.com/usr/cool_ideas,worked
No title,http://www.ebay.com/cln/cool_ideas/Bucket-List-Ideas-For-Teens/224777295017,worked
No title,http://www.ebay.com/usr/cool_ideas,worked
No title,http://www.ebay.com/cln/cool_ideas/Bucket-List-Ideas-For-Teens/224777295017,worked
No title,http://www.ebay.com/cln/cool_ideas/Bucket-List-Ideas-For-Teens/224777295017,worked
No title,http://www.ebay.com/cln/cool_ideas/Bucket-List-Ideas-For-Teens/224777295017,worked
No title,http://www.ebay.com/usr/cool_ideas,worked
No title,http://www.ebay.com/cln/cool_ideas/Ideas-for-Drawing/224846488017,worked
No title,http://www.ebay.com/usr/cool_ideas,worked
No title,http://www.ebay.com/cln/cool_ideas/Ideas-for-Drawing/224846488017,worked
No title,http://www.ebay.com/cln/cool_ideas/Ideas-for-Drawing/224846488017,worked
No title,http://www.ebay.com/cln/cool_ideas/Ideas-for-Drawing/224846488017,worked
No title,http://www.ebay.com/usr/cool_ideas,worked
No title,http://www.ebay.com/cln/cool_ideas/Plant-Cell-Project-Ideas/224846913017,worked
No title,http://www.ebay.com/usr/cool_ideas,worked
No title,http://www.ebay.com/cln/cool_ideas/Plant-Cell-Project-Ideas/224846913017,worked
No title,http://www.ebay.com/cln/cool_ideas/Plant-Cell-Project-Ideas/224846913017,worked
No title,http://www.ebay.com/cln/cool_ideas/Plant-Cell-Project-Ideas/224846913017,worked
No title,http://www.ebay.com/usr/home_garden_ideas,worked
No title,http://www.ebay.com/cln/home_garden_ideas/Block-Party-Ideas/225354311012,worked
No title,http://www.ebay.com/usr/home_garden_ideas,worked
No title,http://www.ebay.com/cln/home_garden_ideas/Block-Party-Ideas/225354311012,worked
No title,http://www.ebay.com/cln/home_garden_ideas/Block-Party-Ideas/225354311012,worked
No title,http://www.ebay.com/cln/home_garden_ideas/Block-Party-Ideas/225354311012,worked
No title,http://www.ebay.com/usr/home_garden_ideas,worked
No title,http://www.ebay.com/cln/home_garden_ideas/Rock-Garden-Ideas/225353613012,worked
No title,http://www.ebay.com/usr/home_garden_ideas,worked
No title,http://www.ebay.com/cln/home_garden_ideas/Rock-Garden-Ideas/225353613012,worked
No title,http://www.ebay.com/cln/home_garden_ideas/Rock-Garden-Ideas/225353613012,worked
No title,http://www.ebay.com/cln/home_garden_ideas/Rock-Garden-Ideas/225353613012,worked
No title,http://www.ebay.com/usr/jchongstudio,worked
No title,http://www.ebay.com/cln/jchongstudio/If-I-Drank/227277848010,worked
No title,http://www.ebay.com/usr/jchongstudio,worked
No title,http://www.ebay.com/cln/jchongstudio/If-I-Drank/227277848010,worked
No title,http://www.ebay.com/cln/jchongstudio/If-I-Drank/227277848010,worked
No title,http://www.ebay.com/cln/jchongstudio/If-I-Drank/227277848010,worked
No title,http://www.ebay.com/cln,worked
No title,http://qu.ebay.com/survey?srvName=Home%20Page%20(eBay%20Today%20Homepage),worked
No title,http://www.ebay.com/sch/allcategories/all-categories,worked
No title,http://pages.ebay.com/help/account/registration.html,worked
No title,http://pages.ebay.com/ebay-money-back-guarantee/,worked
No title,http://pages.ebay.com/help/buy/basics.html,worked
No title,http://stores.ebay.com,worked
No title,http://www.ebay.com/local,worked
No title,http://www.ebay.com/gds,worked
No title,http://csr.ebay.com/cse/sell.jsf,worked
No title,http://cgi5.ebay.com/ws/eBayISAPI.dll?SellHub3&aidZ153=&aid=153,worked
No title,http://pages.ebay.com/sellerinformation/howtosell/sellingbasics.html,worked
No title,http://pages.ebay.com/sellerinformation/ebayforbusiness/essentials.html,worked
No title,https://www.ebaypartnernetwork.com/files/hub/en-US/index.html,worked
No title,http://anywhere.ebay.com/mobile/,worked
No title,http://anywhere.ebay.com,worked
No title,http://developer.ebay.com,worked
No title,http://pages.ebay.com/securitycenter/index.html,worked
No title,http://viv.ebay.com/ws/eBayISAPI.dll?EbayTime,worked
No title,http://pages.ebay.com/sitemap.html,worked
No title,http://www.ebayclassifiedsgroup.com/,worked
No title,https://www.ebayinc.com/our-company/our-other-businesses/,worked
No title,http://www.ebay.com/stories/,worked
No title,https://www.facebook.com/eBay,worked
No title,http://twitter.com/#!/eBay,worked
No title,https://plus.google.com/+eBay/posts,worked
No title,http://www.ebayinc.com,worked
No title,https://www.ebayinc.com/our-company/,worked
No title,https://www.ebayinc.com/stories/news/,worked
No title,https://investors.ebayinc.com,worked
No title,https://careers.ebayinc.com/,worked
No title,http://www.ebaymainstreet.com,worked
No title,http://cc.ebay.com,worked
No title,http://pages.ebay.com/help/policies/overview.html,worked
No title,http://pages.ebay.com/help/policies/programs-vero-ov.html,worked
No title,http://qu.ebay.com/survey?srvName=globalheader+%28footer-US%29,worked
No title,http://ocs.ebay.com/ws/eBayISAPI.dll?CustomerSupport,worked
No title,http://resolutioncenter.ebay.com/,worked
No title,http://pages.ebay.com/sellerinformation/index.html,worked
No title,http://ocsnext.ebay.com/ocs/cuhome,worked
No title,http://community.ebay.com,worked
No title,http://announcements.ebay.com,worked
No title,http://pages.ebay.com/community/answercenter/index.html,worked
No title,http://forums.ebay.com,worked
No title,http://givingworks.ebay.com,worked
No title,http://givingworks.ebay.com/browse/celebrities,worked
No title,http://groups.ebay.com/groups/EbayGroups/1?redirected=1,worked
No title,http://www.ebay.com/ets/eBayTopShared,worked
No title,http://www.ebay.com,worked
No title,http://www.ebay.com.au,worked
No title,http://www.ebay.at,worked
No title,http://www.ebay.be,worked
No title,http://www.ebay.ca,worked
No title,http://www.ebay.com.cn,worked
No title,http://www.ebay.fr,worked
No title,http://www.ebay.de,worked
No title,http://www.ebay.com.hk,worked
No title,http://www.ebay.in,worked
No title,http://www.ebay.ie,worked
No title,http://www.ebay.it,worked
No title,http://www.ebay.co.jp,worked
No title,http://global.gmarket.co.kr/Home/Main,worked
No title,http://www.ebay.com.my,worked
No title,http://www.ebay.nl,worked
No title,http://www.ebay.ph,worked
No title,http://www.ebay.pl,worked
No title,http://www.ebay.com.sg,worked
No title,http://www.ebay.es,worked
No title,http://www.tradera.com,worked
No title,http://www.ebay.ch,worked
No title,http://www.ruten.com.tw,worked
No title,http://www.ebay.co.th,worked
No title,https://seller.flipkart.com/?utm_source=flipkart&utm_medium=website&utm_campaign=sellbutton,worked
No title,http://www.flipkart.com//buy-gift-voucher,worked
No title,http://www.flipkart.com//mobile-apps,worked
No title,http://www.flipkart.com//s/contact,worked
No title,http://www.flipkart.com//notifications,worked
No title,https://seller.flipkart.com/?utm_source=flipkart&utm_medium=website&utm_campaign=sellbutton,worked
No title,http://www.flipkart.com//buy-gift-voucher,worked
No title,http://www.flipkart.com//mobile-apps,worked
No title,https://seller.flipkart.com/?utm_source=flipkart&utm_medium=website&utm_campaign=sellbutton,worked
No title,http://www.flipkart.com//buy-gift-voucher,worked
No title,http://www.flipkart.com//mobile-apps,worked
